paulette00@uchicago.edu|Paulette|Econ
paulette01@uchicago.edu|Paulette|EE
paulette02@uchicago.edu|Paulette|EE
paulette03@uchicago.edu|Paulette|EE
bryanna00@uchicago.edu|Bryanna|Econ
bryanna01@uchicago.edu|Bryanna|Econ
lashonda00@uchicago.edu|Lashonda|Econ
lashonda01@uchicago.edu|Lashonda|Computer Science
shameka00@uchicago.edu|Shameka|Math
shameka01@uchicago.edu|Shameka|Computer Science
velvet00@uchicago.edu|Velvet|EE
velvet01@uchicago.edu|Velvet|EE
sharmaine00@uchicago.edu|Sharmaine|Computer Science
sharmaine01@uchicago.edu|Sharmaine|EE
shelby00@uchicago.edu|Shelby|Econ
shelby01@uchicago.edu|Shelby|Econ
felisa00@uchicago.edu|Felisa|Econ
felisa01@uchicago.edu|Felisa|Computer Science
jim00@uchicago.edu|Jim|EE
jim01@uchicago.edu|Jim|Stats
beula00@uchicago.edu|Beula|Stats
beula01@uchicago.edu|Beula|EE
beula02@uchicago.edu|Beula|Stats
beula03@uchicago.edu|Beula|Computer Science
teressa00@uchicago.edu|Teressa|Stats
teressa01@uchicago.edu|Teressa|Econ
cecila00@uchicago.edu|Cecila|Math
cecila01@uchicago.edu|Cecila|Econ
betsy00@uchicago.edu|Betsy|Math
betsy01@uchicago.edu|Betsy|Econ
lara00@uchicago.edu|Lara|Computer Science
lara01@uchicago.edu|Lara|Stats
trish00@uchicago.edu|Trish|Stats
trish01@uchicago.edu|Trish|Computer Science
len00@uchicago.edu|Len|Computer Science
len01@uchicago.edu|Len|Math
cecily00@uchicago.edu|Cecily|Computer Science
cecily01@uchicago.edu|Cecily|Econ
lesli00@uchicago.edu|Lesli|Stats
lesli01@uchicago.edu|Lesli|Math
felicia00@uchicago.edu|Felicia|Math
felicia01@uchicago.edu|Felicia|EE
alana00@uchicago.edu|Alana|Computer Science
alana01@uchicago.edu|Alana|Computer Science
jamaal00@uchicago.edu|Jamaal|Econ
jamaal01@uchicago.edu|Jamaal|Math
arnulfo00@uchicago.edu|Arnulfo|Math
arnulfo01@uchicago.edu|Arnulfo|EE
dottie00@uchicago.edu|Dottie|Math
dottie01@uchicago.edu|Dottie|Stats
tonda00@uchicago.edu|Tonda|Stats
tonda01@uchicago.edu|Tonda|Econ
gertrud00@uchicago.edu|Gertrud|Computer Science
gertrud01@uchicago.edu|Gertrud|EE
ernesto00@uchicago.edu|Ernesto|Stats
ernesto01@uchicago.edu|Ernesto|Econ
xavier00@uchicago.edu|Xavier|Stats
xavier01@uchicago.edu|Xavier|Econ
trula00@uchicago.edu|Trula|Stats
trula01@uchicago.edu|Trula|Econ
malisa00@uchicago.edu|Malisa|Stats
malisa01@uchicago.edu|Malisa|Econ
sharda00@uchicago.edu|Sharda|Econ
sharda01@uchicago.edu|Sharda|EE
marylou00@uchicago.edu|Marylou|EE
marylou01@uchicago.edu|Marylou|Computer Science
clemmie00@uchicago.edu|Clemmie|EE
clemmie01@uchicago.edu|Clemmie|EE
dominica00@uchicago.edu|Dominica|EE
dominica01@uchicago.edu|Dominica|Math
usha00@uchicago.edu|Usha|Stats
usha01@uchicago.edu|Usha|Math
tamica00@uchicago.edu|Tamica|Computer Science
tamica01@uchicago.edu|Tamica|Econ
glendora00@uchicago.edu|Glendora|Math
glendora01@uchicago.edu|Glendora|Computer Science
carmon00@uchicago.edu|Carmon|Math
carmon01@uchicago.edu|Carmon|Math
carmon02@uchicago.edu|Carmon|Econ
carmon03@uchicago.edu|Carmon|Econ
racheal00@uchicago.edu|Racheal|Math
racheal01@uchicago.edu|Racheal|Stats
sherley00@uchicago.edu|Sherley|Econ
sherley01@uchicago.edu|Sherley|Stats
sherley02@uchicago.edu|Sherley|EE
sherley03@uchicago.edu|Sherley|Econ
candy00@uchicago.edu|Candy|Math
candy01@uchicago.edu|Candy|EE
erwin00@uchicago.edu|Erwin|Stats
erwin01@uchicago.edu|Erwin|EE
romaine00@uchicago.edu|Romaine|Stats
romaine01@uchicago.edu|Romaine|Math
jaime00@uchicago.edu|Jaime|Math
jaime01@uchicago.edu|Jaime|Computer Science
hanna00@uchicago.edu|Hanna|Math
hanna01@uchicago.edu|Hanna|Stats
mafalda00@uchicago.edu|Mafalda|Econ
mafalda01@uchicago.edu|Mafalda|Stats
georgetta00@uchicago.edu|Georgetta|Math
georgetta01@uchicago.edu|Georgetta|Econ
charlotte00@uchicago.edu|Charlotte|EE
charlotte01@uchicago.edu|Charlotte|Econ
thomas00@uchicago.edu|Thomas|Math
thomas01@uchicago.edu|Thomas|Stats
josie00@uchicago.edu|Josie|Econ
josie01@uchicago.edu|Josie|Stats
josie02@uchicago.edu|Josie|Math
josie03@uchicago.edu|Josie|Stats
karlyn00@uchicago.edu|Karlyn|EE
karlyn01@uchicago.edu|Karlyn|Computer Science
roderick00@uchicago.edu|Roderick|Stats
roderick01@uchicago.edu|Roderick|Math
nikole00@uchicago.edu|Nikole|Computer Science
nikole01@uchicago.edu|Nikole|Computer Science
katrina00@uchicago.edu|Katrina|EE
katrina01@uchicago.edu|Katrina|EE
catarina00@uchicago.edu|Catarina|EE
catarina01@uchicago.edu|Catarina|Stats
keesha00@uchicago.edu|Keesha|Stats
keesha01@uchicago.edu|Keesha|Econ
enoch00@uchicago.edu|Enoch|Math
enoch01@uchicago.edu|Enoch|Math
vern00@uchicago.edu|Vern|EE
vern01@uchicago.edu|Vern|Math
vern02@uchicago.edu|Vern|Math
vern03@uchicago.edu|Vern|Computer Science
sandy00@uchicago.edu|Sandy|Math
sandy01@uchicago.edu|Sandy|Computer Science
suzanna00@uchicago.edu|Suzanna|Econ
suzanna01@uchicago.edu|Suzanna|Computer Science
suzanna02@uchicago.edu|Suzanna|Econ
suzanna03@uchicago.edu|Suzanna|Computer Science
loni00@uchicago.edu|Loni|Computer Science
loni01@uchicago.edu|Loni|Econ
aurelia00@uchicago.edu|Aurelia|Econ
aurelia01@uchicago.edu|Aurelia|Stats
milda00@uchicago.edu|Milda|Econ
milda01@uchicago.edu|Milda|Computer Science
howard00@uchicago.edu|Howard|Stats
howard01@uchicago.edu|Howard|Math
gricelda00@uchicago.edu|Gricelda|Stats
gricelda01@uchicago.edu|Gricelda|Stats
silvia00@uchicago.edu|Silvia|Math
silvia01@uchicago.edu|Silvia|Econ
robt00@uchicago.edu|Robt|Computer Science
robt01@uchicago.edu|Robt|Econ
joana00@uchicago.edu|Joana|EE
joana01@uchicago.edu|Joana|Econ
christie00@uchicago.edu|Christie|Econ
christie01@uchicago.edu|Christie|EE
darren00@uchicago.edu|Darren|Computer Science
darren01@uchicago.edu|Darren|Econ
byron00@uchicago.edu|Byron|EE
byron01@uchicago.edu|Byron|Stats
sharell00@uchicago.edu|Sharell|Stats
sharell01@uchicago.edu|Sharell|Econ
kellie00@uchicago.edu|Kellie|Econ
kellie01@uchicago.edu|Kellie|EE
latrisha00@uchicago.edu|Latrisha|Econ
latrisha01@uchicago.edu|Latrisha|EE
rea00@uchicago.edu|Rea|Math
rea01@uchicago.edu|Rea|Econ
sylvie00@uchicago.edu|Sylvie|Econ
sylvie01@uchicago.edu|Sylvie|EE
marisa00@uchicago.edu|Marisa|Computer Science
marisa01@uchicago.edu|Marisa|Math
louise00@uchicago.edu|Louise|Math
louise01@uchicago.edu|Louise|Math
giovanna00@uchicago.edu|Giovanna|Stats
giovanna01@uchicago.edu|Giovanna|EE
alina00@uchicago.edu|Alina|Econ
alina01@uchicago.edu|Alina|Stats
boyd00@uchicago.edu|Boyd|Stats
boyd01@uchicago.edu|Boyd|Math
elvera00@uchicago.edu|Elvera|Math
elvera01@uchicago.edu|Elvera|Stats
beatriz00@uchicago.edu|Beatriz|EE
beatriz01@uchicago.edu|Beatriz|Stats
hailey00@uchicago.edu|Hailey|Computer Science
hailey01@uchicago.edu|Hailey|Math
hailey02@uchicago.edu|Hailey|Math
hailey03@uchicago.edu|Hailey|Stats
samatha00@uchicago.edu|Samatha|Computer Science
samatha01@uchicago.edu|Samatha|Math
delicia00@uchicago.edu|Delicia|EE
delicia01@uchicago.edu|Delicia|Econ
kristin00@uchicago.edu|Kristin|Econ
kristin01@uchicago.edu|Kristin|Econ
kristin02@uchicago.edu|Kristin|Stats
kristin03@uchicago.edu|Kristin|Econ
reed00@uchicago.edu|Reed|Computer Science
reed01@uchicago.edu|Reed|Stats
ling00@uchicago.edu|Ling|Computer Science
ling01@uchicago.edu|Ling|Computer Science
ling02@uchicago.edu|Ling|EE
ling03@uchicago.edu|Ling|EE
catina00@uchicago.edu|Catina|Math
catina01@uchicago.edu|Catina|Econ
pattie00@uchicago.edu|Pattie|Computer Science
pattie01@uchicago.edu|Pattie|Econ
sachiko00@uchicago.edu|Sachiko|EE
sachiko01@uchicago.edu|Sachiko|EE
sachiko02@uchicago.edu|Sachiko|Math
sachiko03@uchicago.edu|Sachiko|Econ
wayne00@uchicago.edu|Wayne|Computer Science
wayne01@uchicago.edu|Wayne|Math
neville00@uchicago.edu|Neville|Math
neville01@uchicago.edu|Neville|Math
damian00@uchicago.edu|Damian|Computer Science
damian01@uchicago.edu|Damian|Econ
carmella00@uchicago.edu|Carmella|Computer Science
carmella01@uchicago.edu|Carmella|EE
jacquelyn00@uchicago.edu|Jacquelyn|Math
jacquelyn01@uchicago.edu|Jacquelyn|Computer Science
dionna00@uchicago.edu|Dionna|EE
dionna01@uchicago.edu|Dionna|EE
georgine00@uchicago.edu|Georgine|Computer Science
georgine01@uchicago.edu|Georgine|Econ
benny00@uchicago.edu|Benny|EE
benny01@uchicago.edu|Benny|Computer Science
benny02@uchicago.edu|Benny|Stats
benny03@uchicago.edu|Benny|Computer Science
loria00@uchicago.edu|Loria|Stats
loria01@uchicago.edu|Loria|Computer Science
margie00@uchicago.edu|Margie|Math
margie01@uchicago.edu|Margie|Stats
marta00@uchicago.edu|Marta|Math
marta01@uchicago.edu|Marta|Stats
mandie00@uchicago.edu|Mandie|Stats
mandie01@uchicago.edu|Mandie|Stats
verline00@uchicago.edu|Verline|Stats
verline01@uchicago.edu|Verline|Math
verline02@uchicago.edu|Verline|EE
verline03@uchicago.edu|Verline|Computer Science
neida00@uchicago.edu|Neida|Econ
neida01@uchicago.edu|Neida|Computer Science
jerald00@uchicago.edu|Jerald|EE
jerald01@uchicago.edu|Jerald|EE
warner00@uchicago.edu|Warner|EE
warner01@uchicago.edu|Warner|Computer Science
leonore00@uchicago.edu|Leonore|Math
leonore01@uchicago.edu|Leonore|Computer Science
leonora00@uchicago.edu|Leonora|EE
leonora01@uchicago.edu|Leonora|Math
altagracia00@uchicago.edu|Altagracia|Stats
altagracia01@uchicago.edu|Altagracia|Econ
altagracia02@uchicago.edu|Altagracia|Math
altagracia03@uchicago.edu|Altagracia|Computer Science
marnie00@uchicago.edu|Marnie|EE
marnie01@uchicago.edu|Marnie|Stats
marnie02@uchicago.edu|Marnie|Econ
marnie03@uchicago.edu|Marnie|EE
queen00@uchicago.edu|Queen|Computer Science
queen01@uchicago.edu|Queen|Stats
clara00@uchicago.edu|Clara|Econ
clara01@uchicago.edu|Clara|Computer Science
ginger00@uchicago.edu|Ginger|Math
ginger01@uchicago.edu|Ginger|Math
sharan00@uchicago.edu|Sharan|EE
sharan01@uchicago.edu|Sharan|EE
eladia00@uchicago.edu|Eladia|Computer Science
eladia01@uchicago.edu|Eladia|Econ
kizzy00@uchicago.edu|Kizzy|Econ
kizzy01@uchicago.edu|Kizzy|Computer Science
keenan00@uchicago.edu|Keenan|Math
keenan01@uchicago.edu|Keenan|EE
bok00@uchicago.edu|Bok|Computer Science
bok01@uchicago.edu|Bok|Computer Science
francesco00@uchicago.edu|Francesco|Computer Science
francesco01@uchicago.edu|Francesco|Computer Science
beverley00@uchicago.edu|Beverley|Stats
beverley01@uchicago.edu|Beverley|Computer Science
clorinda00@uchicago.edu|Clorinda|EE
clorinda01@uchicago.edu|Clorinda|EE
victor00@uchicago.edu|Victor|EE
victor01@uchicago.edu|Victor|Computer Science
pricilla00@uchicago.edu|Pricilla|Stats
pricilla01@uchicago.edu|Pricilla|EE
pricilla02@uchicago.edu|Pricilla|Computer Science
pricilla03@uchicago.edu|Pricilla|Econ
blake00@uchicago.edu|Blake|Stats
blake01@uchicago.edu|Blake|EE
blake02@uchicago.edu|Blake|Econ
blake03@uchicago.edu|Blake|Computer Science
lucile00@uchicago.edu|Lucile|Stats
lucile01@uchicago.edu|Lucile|Stats
blossom00@uchicago.edu|Blossom|Econ
blossom01@uchicago.edu|Blossom|Econ
leatrice00@uchicago.edu|Leatrice|Math
leatrice01@uchicago.edu|Leatrice|Stats
kristine00@uchicago.edu|Kristine|EE
kristine01@uchicago.edu|Kristine|EE
kirk00@uchicago.edu|Kirk|EE
kirk01@uchicago.edu|Kirk|Math
orville00@uchicago.edu|Orville|Math
orville01@uchicago.edu|Orville|Computer Science
collene00@uchicago.edu|Collene|Computer Science
collene01@uchicago.edu|Collene|Computer Science
sarina00@uchicago.edu|Sarina|Math
sarina01@uchicago.edu|Sarina|Math
tom00@uchicago.edu|Tom|Stats
tom01@uchicago.edu|Tom|Math
daniela00@uchicago.edu|Daniela|Math
daniela01@uchicago.edu|Daniela|Computer Science
clotilde00@uchicago.edu|Clotilde|Computer Science
clotilde01@uchicago.edu|Clotilde|Math
roseann00@uchicago.edu|Roseann|Stats
roseann01@uchicago.edu|Roseann|Math
tod00@uchicago.edu|Tod|Econ
tod01@uchicago.edu|Tod|Math
caitlyn00@uchicago.edu|Caitlyn|Math
caitlyn01@uchicago.edu|Caitlyn|Stats
caitlyn02@uchicago.edu|Caitlyn|Stats
caitlyn03@uchicago.edu|Caitlyn|Econ
columbus00@uchicago.edu|Columbus|Computer Science
columbus01@uchicago.edu|Columbus|Stats
tonie00@uchicago.edu|Tonie|Math
tonie01@uchicago.edu|Tonie|EE
tonie02@uchicago.edu|Tonie|Stats
tonie03@uchicago.edu|Tonie|Math
tammi00@uchicago.edu|Tammi|Stats
tammi01@uchicago.edu|Tammi|Econ
melissia00@uchicago.edu|Melissia|EE
melissia01@uchicago.edu|Melissia|EE
melissia02@uchicago.edu|Melissia|Computer Science
melissia03@uchicago.edu|Melissia|Econ
hortense00@uchicago.edu|Hortense|Math
hortense01@uchicago.edu|Hortense|Computer Science
rueben00@uchicago.edu|Rueben|Computer Science
rueben01@uchicago.edu|Rueben|EE
jung00@uchicago.edu|Jung|Econ
jung01@uchicago.edu|Jung|Computer Science
deidre00@uchicago.edu|Deidre|EE
deidre01@uchicago.edu|Deidre|Econ
erline00@uchicago.edu|Erline|Econ
erline01@uchicago.edu|Erline|Econ
indira00@uchicago.edu|Indira|EE
indira01@uchicago.edu|Indira|Computer Science
cedric00@uchicago.edu|Cedric|Computer Science
cedric01@uchicago.edu|Cedric|Stats
johanne00@uchicago.edu|Johanne|EE
johanne01@uchicago.edu|Johanne|Math
charity00@uchicago.edu|Charity|Computer Science
charity01@uchicago.edu|Charity|Stats
lang00@uchicago.edu|Lang|Math
lang01@uchicago.edu|Lang|Computer Science
melodee00@uchicago.edu|Melodee|Econ
melodee01@uchicago.edu|Melodee|Math
earline00@uchicago.edu|Earline|Math
earline01@uchicago.edu|Earline|Econ
elida00@uchicago.edu|Elida|Econ
elida01@uchicago.edu|Elida|Math
olga00@uchicago.edu|Olga|Computer Science
olga01@uchicago.edu|Olga|EE
keven00@uchicago.edu|Keven|EE
keven01@uchicago.edu|Keven|Econ
kiesha00@uchicago.edu|Kiesha|Econ
kiesha01@uchicago.edu|Kiesha|Computer Science
kiesha02@uchicago.edu|Kiesha|Econ
kiesha03@uchicago.edu|Kiesha|Econ
alleen00@uchicago.edu|Alleen|Stats
alleen01@uchicago.edu|Alleen|EE
maranda00@uchicago.edu|Maranda|Computer Science
maranda01@uchicago.edu|Maranda|Econ
gus00@uchicago.edu|Gus|Math
gus01@uchicago.edu|Gus|Computer Science
sondra00@uchicago.edu|Sondra|Stats
sondra01@uchicago.edu|Sondra|Stats
hobert00@uchicago.edu|Hobert|Econ
hobert01@uchicago.edu|Hobert|Math
hyon00@uchicago.edu|Hyon|Math
hyon01@uchicago.edu|Hyon|Computer Science
gerardo00@uchicago.edu|Gerardo|Computer Science
gerardo01@uchicago.edu|Gerardo|Stats
della00@uchicago.edu|Della|Econ
della01@uchicago.edu|Della|Econ
toccara00@uchicago.edu|Toccara|EE
toccara01@uchicago.edu|Toccara|Econ
alena00@uchicago.edu|Alena|Econ
alena01@uchicago.edu|Alena|Stats
otis00@uchicago.edu|Otis|Econ
otis01@uchicago.edu|Otis|Econ
lynetta00@uchicago.edu|Lynetta|Stats
lynetta01@uchicago.edu|Lynetta|Stats
rochelle00@uchicago.edu|Rochelle|EE
rochelle01@uchicago.edu|Rochelle|EE
rochelle02@uchicago.edu|Rochelle|Econ
rochelle03@uchicago.edu|Rochelle|Econ
danae00@uchicago.edu|Danae|Math
danae01@uchicago.edu|Danae|Computer Science
fern00@uchicago.edu|Fern|Stats
fern01@uchicago.edu|Fern|EE
evita00@uchicago.edu|Evita|Computer Science
evita01@uchicago.edu|Evita|Math
daysi00@uchicago.edu|Daysi|Econ
daysi01@uchicago.edu|Daysi|Computer Science
lori00@uchicago.edu|Lori|Econ
lori01@uchicago.edu|Lori|Stats
belkis00@uchicago.edu|Belkis|Computer Science
belkis01@uchicago.edu|Belkis|Stats
elfriede00@uchicago.edu|Elfriede|Math
elfriede01@uchicago.edu|Elfriede|Computer Science
cleotilde00@uchicago.edu|Cleotilde|Math
cleotilde01@uchicago.edu|Cleotilde|Stats
norene00@uchicago.edu|Norene|EE
norene01@uchicago.edu|Norene|Computer Science
norene02@uchicago.edu|Norene|Stats
norene03@uchicago.edu|Norene|Math
elfrieda00@uchicago.edu|Elfrieda|Computer Science
elfrieda01@uchicago.edu|Elfrieda|Computer Science
min00@uchicago.edu|Min|Computer Science
min01@uchicago.edu|Min|Stats
teena00@uchicago.edu|Teena|Computer Science
teena01@uchicago.edu|Teena|EE
annabell00@uchicago.edu|Annabell|Computer Science
annabell01@uchicago.edu|Annabell|Stats
stephine00@uchicago.edu|Stephine|EE
stephine01@uchicago.edu|Stephine|Math
layla00@uchicago.edu|Layla|Computer Science
layla01@uchicago.edu|Layla|Econ
tanesha00@uchicago.edu|Tanesha|EE
tanesha01@uchicago.edu|Tanesha|Stats
brian00@uchicago.edu|Brian|Econ
brian01@uchicago.edu|Brian|Computer Science
nora00@uchicago.edu|Nora|Econ
nora01@uchicago.edu|Nora|EE
meridith00@uchicago.edu|Meridith|Stats
meridith01@uchicago.edu|Meridith|Econ
sheron00@uchicago.edu|Sheron|Stats
sheron01@uchicago.edu|Sheron|Math
lakita00@uchicago.edu|Lakita|Math
lakita01@uchicago.edu|Lakita|Computer Science
ira00@uchicago.edu|Ira|Stats
ira01@uchicago.edu|Ira|Computer Science
chanell00@uchicago.edu|Chanell|EE
chanell01@uchicago.edu|Chanell|Computer Science
bunny00@uchicago.edu|Bunny|Stats
bunny01@uchicago.edu|Bunny|Math
bunny02@uchicago.edu|Bunny|Computer Science
bunny03@uchicago.edu|Bunny|EE
bunny04@uchicago.edu|Bunny|Computer Science
bunny05@uchicago.edu|Bunny|EE
laticia00@uchicago.edu|Laticia|Computer Science
laticia01@uchicago.edu|Laticia|Econ
jonnie00@uchicago.edu|Jonnie|Math
jonnie01@uchicago.edu|Jonnie|Computer Science
tillie00@uchicago.edu|Tillie|Stats
tillie01@uchicago.edu|Tillie|Econ
remona00@uchicago.edu|Remona|Stats
remona01@uchicago.edu|Remona|Econ
rosie00@uchicago.edu|Rosie|Computer Science
rosie01@uchicago.edu|Rosie|Econ
desirae00@uchicago.edu|Desirae|Stats
desirae01@uchicago.edu|Desirae|Math
jere00@uchicago.edu|Jere|Econ
jere01@uchicago.edu|Jere|Math
carolee00@uchicago.edu|Carolee|EE
carolee01@uchicago.edu|Carolee|Math
carolee02@uchicago.edu|Carolee|Math
carolee03@uchicago.edu|Carolee|EE
felicita00@uchicago.edu|Felicita|Computer Science
felicita01@uchicago.edu|Felicita|Econ
prudence00@uchicago.edu|Prudence|Econ
prudence01@uchicago.edu|Prudence|EE
millicent00@uchicago.edu|Millicent|EE
millicent01@uchicago.edu|Millicent|Stats
jaqueline00@uchicago.edu|Jaqueline|Computer Science
jaqueline01@uchicago.edu|Jaqueline|Math
jack00@uchicago.edu|Jack|EE
jack01@uchicago.edu|Jack|Computer Science
miranda00@uchicago.edu|Miranda|Math
miranda01@uchicago.edu|Miranda|EE
refugio00@uchicago.edu|Refugio|Math
refugio01@uchicago.edu|Refugio|Math
mayra00@uchicago.edu|Mayra|Stats
mayra01@uchicago.edu|Mayra|Econ
robin00@uchicago.edu|Robin|EE
robin01@uchicago.edu|Robin|Stats
barrett00@uchicago.edu|Barrett|Stats
barrett01@uchicago.edu|Barrett|EE
barrett02@uchicago.edu|Barrett|EE
barrett03@uchicago.edu|Barrett|Math
renee00@uchicago.edu|Renee|Math
renee01@uchicago.edu|Renee|Econ
natalie00@uchicago.edu|Natalie|Math
natalie01@uchicago.edu|Natalie|Stats
kelle00@uchicago.edu|Kelle|Econ
kelle01@uchicago.edu|Kelle|Econ
kelle02@uchicago.edu|Kelle|Computer Science
kelle03@uchicago.edu|Kelle|Computer Science
daren00@uchicago.edu|Daren|Econ
daren01@uchicago.edu|Daren|Math
natalia00@uchicago.edu|Natalia|EE
natalia01@uchicago.edu|Natalia|Econ
merrie00@uchicago.edu|Merrie|EE
merrie01@uchicago.edu|Merrie|Econ
merrie02@uchicago.edu|Merrie|EE
merrie03@uchicago.edu|Merrie|Computer Science
chau00@uchicago.edu|Chau|EE
chau01@uchicago.edu|Chau|Stats
calvin00@uchicago.edu|Calvin|Econ
calvin01@uchicago.edu|Calvin|Computer Science
juanita00@uchicago.edu|Juanita|Math
juanita01@uchicago.edu|Juanita|Computer Science
laurene00@uchicago.edu|Laurene|EE
laurene01@uchicago.edu|Laurene|Econ
laurene02@uchicago.edu|Laurene|Computer Science
laurene03@uchicago.edu|Laurene|Math
daisy00@uchicago.edu|Daisy|Math
daisy01@uchicago.edu|Daisy|Stats
alaine00@uchicago.edu|Alaine|Math
alaine01@uchicago.edu|Alaine|Math
kasi00@uchicago.edu|Kasi|Computer Science
kasi01@uchicago.edu|Kasi|Econ
sophia00@uchicago.edu|Sophia|Math
sophia01@uchicago.edu|Sophia|EE
signe00@uchicago.edu|Signe|Stats
signe01@uchicago.edu|Signe|Computer Science
eda00@uchicago.edu|Eda|Computer Science
eda01@uchicago.edu|Eda|Computer Science
elke00@uchicago.edu|Elke|Math
elke01@uchicago.edu|Elke|Econ
elke02@uchicago.edu|Elke|Stats
elke03@uchicago.edu|Elke|Econ
larissa00@uchicago.edu|Larissa|Computer Science
larissa01@uchicago.edu|Larissa|Econ
altha00@uchicago.edu|Altha|Math
altha01@uchicago.edu|Altha|Stats
isabel00@uchicago.edu|Isabel|Computer Science
isabel01@uchicago.edu|Isabel|Computer Science
logan00@uchicago.edu|Logan|Math
logan01@uchicago.edu|Logan|Math
leslie00@uchicago.edu|Leslie|EE
leslie01@uchicago.edu|Leslie|Computer Science
alphonso00@uchicago.edu|Alphonso|EE
alphonso01@uchicago.edu|Alphonso|Computer Science
thomasena00@uchicago.edu|Thomasena|Econ
thomasena01@uchicago.edu|Thomasena|Stats
cathey00@uchicago.edu|Cathey|Computer Science
cathey01@uchicago.edu|Cathey|EE
kai00@uchicago.edu|Kai|Econ
kai01@uchicago.edu|Kai|Computer Science
tonisha00@uchicago.edu|Tonisha|Stats
tonisha01@uchicago.edu|Tonisha|Math
lolita00@uchicago.edu|Lolita|EE
lolita01@uchicago.edu|Lolita|EE
rayford00@uchicago.edu|Rayford|Computer Science
rayford01@uchicago.edu|Rayford|Math
chi00@uchicago.edu|Chi|Stats
chi01@uchicago.edu|Chi|EE
hong00@uchicago.edu|Hong|EE
hong01@uchicago.edu|Hong|EE
jules00@uchicago.edu|Jules|Stats
jules01@uchicago.edu|Jules|Computer Science
malika00@uchicago.edu|Malika|EE
malika01@uchicago.edu|Malika|Computer Science
eli00@uchicago.edu|Eli|Stats
eli01@uchicago.edu|Eli|Econ
britany00@uchicago.edu|Britany|Stats
britany01@uchicago.edu|Britany|Math
chu00@uchicago.edu|Chu|EE
chu01@uchicago.edu|Chu|Econ
phylis00@uchicago.edu|Phylis|Computer Science
phylis01@uchicago.edu|Phylis|Stats
trudy00@uchicago.edu|Trudy|Computer Science
trudy01@uchicago.edu|Trudy|Econ
julieann00@uchicago.edu|Julieann|Math
julieann01@uchicago.edu|Julieann|Econ
julianne00@uchicago.edu|Julianne|Math
julianne01@uchicago.edu|Julianne|Math
serina00@uchicago.edu|Serina|Stats
serina01@uchicago.edu|Serina|Stats
serina02@uchicago.edu|Serina|Computer Science
serina03@uchicago.edu|Serina|EE
leia00@uchicago.edu|Leia|EE
leia01@uchicago.edu|Leia|Computer Science
kendal00@uchicago.edu|Kendal|Stats
kendal01@uchicago.edu|Kendal|EE
tamra00@uchicago.edu|Tamra|Math
tamra01@uchicago.edu|Tamra|Computer Science
leonia00@uchicago.edu|Leonia|Econ
leonia01@uchicago.edu|Leonia|Math
delilah00@uchicago.edu|Delilah|Math
delilah01@uchicago.edu|Delilah|EE
wallace00@uchicago.edu|Wallace|Math
wallace01@uchicago.edu|Wallace|Computer Science
nena00@uchicago.edu|Nena|EE
nena01@uchicago.edu|Nena|Computer Science
drew00@uchicago.edu|Drew|Math
drew01@uchicago.edu|Drew|EE
pearlie00@uchicago.edu|Pearlie|Computer Science
pearlie01@uchicago.edu|Pearlie|Stats
nadine00@uchicago.edu|Nadine|Stats
nadine01@uchicago.edu|Nadine|Econ
kimi00@uchicago.edu|Kimi|Stats
kimi01@uchicago.edu|Kimi|Stats
harris00@uchicago.edu|Harris|Math
harris01@uchicago.edu|Harris|Math
dora00@uchicago.edu|Dora|Computer Science
dora01@uchicago.edu|Dora|Computer Science
mariette00@uchicago.edu|Mariette|Computer Science
mariette01@uchicago.edu|Mariette|Econ
stepanie00@uchicago.edu|Stepanie|Math
stepanie01@uchicago.edu|Stepanie|Math
annamae00@uchicago.edu|Annamae|Econ
annamae01@uchicago.edu|Annamae|Computer Science
carma00@uchicago.edu|Carma|EE
carma01@uchicago.edu|Carma|Econ
ernestina00@uchicago.edu|Ernestina|EE
ernestina01@uchicago.edu|Ernestina|Econ
mercy00@uchicago.edu|Mercy|Stats
mercy01@uchicago.edu|Mercy|Stats
blythe00@uchicago.edu|Blythe|Math
blythe01@uchicago.edu|Blythe|Math
shu00@uchicago.edu|Shu|Math
shu01@uchicago.edu|Shu|Econ
elmer00@uchicago.edu|Elmer|Computer Science
elmer01@uchicago.edu|Elmer|EE
kyle00@uchicago.edu|Kyle|Computer Science
kyle01@uchicago.edu|Kyle|Econ
macie00@uchicago.edu|Macie|EE
macie01@uchicago.edu|Macie|Econ
herbert00@uchicago.edu|Herbert|Computer Science
herbert01@uchicago.edu|Herbert|Computer Science
jame00@uchicago.edu|Jame|Math
jame01@uchicago.edu|Jame|Math
pasquale00@uchicago.edu|Pasquale|Stats
pasquale01@uchicago.edu|Pasquale|Stats
deloris00@uchicago.edu|Deloris|Math
deloris01@uchicago.edu|Deloris|Math
meryl00@uchicago.edu|Meryl|Math
meryl01@uchicago.edu|Meryl|EE
alvina00@uchicago.edu|Alvina|Stats
alvina01@uchicago.edu|Alvina|Econ
alvina02@uchicago.edu|Alvina|Stats
alvina03@uchicago.edu|Alvina|Computer Science
adan00@uchicago.edu|Adan|Stats
adan01@uchicago.edu|Adan|Econ
dominic00@uchicago.edu|Dominic|Math
dominic01@uchicago.edu|Dominic|Stats
maren00@uchicago.edu|Maren|EE
maren01@uchicago.edu|Maren|Computer Science
karina00@uchicago.edu|Karina|Stats
karina01@uchicago.edu|Karina|Computer Science
joelle00@uchicago.edu|Joelle|Econ
joelle01@uchicago.edu|Joelle|EE
fawn00@uchicago.edu|Fawn|Math
fawn01@uchicago.edu|Fawn|EE
wilhelmina00@uchicago.edu|Wilhelmina|EE
wilhelmina01@uchicago.edu|Wilhelmina|Stats
shavon00@uchicago.edu|Shavon|Math
shavon01@uchicago.edu|Shavon|Stats
christoper00@uchicago.edu|Christoper|Math
christoper01@uchicago.edu|Christoper|Stats
wilbert00@uchicago.edu|Wilbert|Math
wilbert01@uchicago.edu|Wilbert|EE
ngoc00@uchicago.edu|Ngoc|Computer Science
ngoc01@uchicago.edu|Ngoc|EE
kylie00@uchicago.edu|Kylie|Math
kylie01@uchicago.edu|Kylie|EE
kati00@uchicago.edu|Kati|Computer Science
kati01@uchicago.edu|Kati|EE
lynelle00@uchicago.edu|Lynelle|Econ
lynelle01@uchicago.edu|Lynelle|Computer Science
charlette00@uchicago.edu|Charlette|Math
charlette01@uchicago.edu|Charlette|Math
mabelle00@uchicago.edu|Mabelle|Computer Science
mabelle01@uchicago.edu|Mabelle|Econ
ray00@uchicago.edu|Ray|Econ
ray01@uchicago.edu|Ray|Math
ena00@uchicago.edu|Ena|Stats
ena01@uchicago.edu|Ena|Econ
margareta00@uchicago.edu|Margareta|Computer Science
margareta01@uchicago.edu|Margareta|EE
clarine00@uchicago.edu|Clarine|Computer Science
clarine01@uchicago.edu|Clarine|Math
onie00@uchicago.edu|Onie|Math
onie01@uchicago.edu|Onie|Econ
ada00@uchicago.edu|Ada|Econ
ada01@uchicago.edu|Ada|Econ
johnette00@uchicago.edu|Johnette|Math
johnette01@uchicago.edu|Johnette|Computer Science
johnette02@uchicago.edu|Johnette|Math
johnette03@uchicago.edu|Johnette|Stats
liberty00@uchicago.edu|Liberty|Math
liberty01@uchicago.edu|Liberty|Computer Science
dylan00@uchicago.edu|Dylan|Econ
dylan01@uchicago.edu|Dylan|Stats
deana00@uchicago.edu|Deana|EE
deana01@uchicago.edu|Deana|Econ
jovita00@uchicago.edu|Jovita|Econ
jovita01@uchicago.edu|Jovita|Math
antione00@uchicago.edu|Antione|Econ
antione01@uchicago.edu|Antione|EE
autumn00@uchicago.edu|Autumn|Math
autumn01@uchicago.edu|Autumn|Stats
deborah00@uchicago.edu|Deborah|EE
deborah01@uchicago.edu|Deborah|Econ
ross00@uchicago.edu|Ross|Econ
ross01@uchicago.edu|Ross|Econ
ken00@uchicago.edu|Ken|Econ
ken01@uchicago.edu|Ken|Stats
ken02@uchicago.edu|Ken|Stats
ken03@uchicago.edu|Ken|Stats
agustina00@uchicago.edu|Agustina|Math
agustina01@uchicago.edu|Agustina|Computer Science
agustina02@uchicago.edu|Agustina|Computer Science
agustina03@uchicago.edu|Agustina|Stats
jacalyn00@uchicago.edu|Jacalyn|Math
jacalyn01@uchicago.edu|Jacalyn|Econ
kieth00@uchicago.edu|Kieth|EE
kieth01@uchicago.edu|Kieth|Econ
joy00@uchicago.edu|Joy|Stats
joy01@uchicago.edu|Joy|EE
dion00@uchicago.edu|Dion|Econ
dion01@uchicago.edu|Dion|Math
lakendra00@uchicago.edu|Lakendra|Econ
lakendra01@uchicago.edu|Lakendra|Econ
desiree00@uchicago.edu|Desiree|Econ
desiree01@uchicago.edu|Desiree|Stats
nelly00@uchicago.edu|Nelly|EE
nelly01@uchicago.edu|Nelly|Math
glinda00@uchicago.edu|Glinda|Econ
glinda01@uchicago.edu|Glinda|Econ
ricky00@uchicago.edu|Ricky|Econ
ricky01@uchicago.edu|Ricky|Math
rhona00@uchicago.edu|Rhona|Computer Science
rhona01@uchicago.edu|Rhona|Computer Science
rhona02@uchicago.edu|Rhona|Stats
rhona03@uchicago.edu|Rhona|EE
milissa00@uchicago.edu|Milissa|Stats
milissa01@uchicago.edu|Milissa|Econ
milissa02@uchicago.edu|Milissa|Math
milissa03@uchicago.edu|Milissa|Stats
noelia00@uchicago.edu|Noelia|Computer Science
noelia01@uchicago.edu|Noelia|Math
jeanna00@uchicago.edu|Jeanna|Stats
jeanna01@uchicago.edu|Jeanna|Computer Science
rosalyn00@uchicago.edu|Rosalyn|EE
rosalyn01@uchicago.edu|Rosalyn|Math
jenine00@uchicago.edu|Jenine|Stats
jenine01@uchicago.edu|Jenine|Econ
josiah00@uchicago.edu|Josiah|EE
josiah01@uchicago.edu|Josiah|EE
karena00@uchicago.edu|Karena|Stats
karena01@uchicago.edu|Karena|Computer Science
audra00@uchicago.edu|Audra|Math
audra01@uchicago.edu|Audra|Computer Science
aisha00@uchicago.edu|Aisha|Math
aisha01@uchicago.edu|Aisha|Math
keva00@uchicago.edu|Keva|Econ
keva01@uchicago.edu|Keva|Computer Science
keva02@uchicago.edu|Keva|Econ
keva03@uchicago.edu|Keva|EE
renae00@uchicago.edu|Renae|Stats
renae01@uchicago.edu|Renae|Computer Science
estelle00@uchicago.edu|Estelle|Econ
estelle01@uchicago.edu|Estelle|Stats
estelle02@uchicago.edu|Estelle|Econ
estelle03@uchicago.edu|Estelle|Econ
caprice00@uchicago.edu|Caprice|EE
caprice01@uchicago.edu|Caprice|Econ
una00@uchicago.edu|Una|Math
una01@uchicago.edu|Una|Stats
lucila00@uchicago.edu|Lucila|Math
lucila01@uchicago.edu|Lucila|Computer Science
alva00@uchicago.edu|Alva|EE
alva01@uchicago.edu|Alva|Math
alva02@uchicago.edu|Alva|EE
alva03@uchicago.edu|Alva|Econ
corinna00@uchicago.edu|Corinna|Math
corinna01@uchicago.edu|Corinna|Stats
salvatore00@uchicago.edu|Salvatore|EE
salvatore01@uchicago.edu|Salvatore|EE
cristin00@uchicago.edu|Cristin|Econ
cristin01@uchicago.edu|Cristin|Computer Science
jodee00@uchicago.edu|Jodee|Math
jodee01@uchicago.edu|Jodee|Stats
jaimee00@uchicago.edu|Jaimee|Stats
jaimee01@uchicago.edu|Jaimee|EE
jaimee02@uchicago.edu|Jaimee|Econ
jaimee03@uchicago.edu|Jaimee|Math
lucien00@uchicago.edu|Lucien|Computer Science
lucien01@uchicago.edu|Lucien|EE
renna00@uchicago.edu|Renna|Stats
renna01@uchicago.edu|Renna|Econ
stefanie00@uchicago.edu|Stefanie|Math
stefanie01@uchicago.edu|Stefanie|Computer Science
julian00@uchicago.edu|Julian|Econ
julian01@uchicago.edu|Julian|Stats
kendra00@uchicago.edu|Kendra|Computer Science
kendra01@uchicago.edu|Kendra|EE
nicolle00@uchicago.edu|Nicolle|Math
nicolle01@uchicago.edu|Nicolle|Stats
dorian00@uchicago.edu|Dorian|EE
dorian01@uchicago.edu|Dorian|Stats
dorian02@uchicago.edu|Dorian|Stats
dorian03@uchicago.edu|Dorian|Computer Science
simona00@uchicago.edu|Simona|Math
simona01@uchicago.edu|Simona|Econ
latashia00@uchicago.edu|Latashia|Econ
latashia01@uchicago.edu|Latashia|Computer Science
edward00@uchicago.edu|Edward|Computer Science
edward01@uchicago.edu|Edward|Econ
anjelica00@uchicago.edu|Anjelica|Math
anjelica01@uchicago.edu|Anjelica|Econ
jacquie00@uchicago.edu|Jacquie|EE
jacquie01@uchicago.edu|Jacquie|Econ
holley00@uchicago.edu|Holley|Computer Science
holley01@uchicago.edu|Holley|Econ
dorothea00@uchicago.edu|Dorothea|Math
dorothea01@uchicago.edu|Dorothea|Math
tammie00@uchicago.edu|Tammie|Econ
tammie01@uchicago.edu|Tammie|Stats
tracey00@uchicago.edu|Tracey|Computer Science
tracey01@uchicago.edu|Tracey|Stats
chante00@uchicago.edu|Chante|Stats
chante01@uchicago.edu|Chante|Computer Science
cammy00@uchicago.edu|Cammy|Stats
cammy01@uchicago.edu|Cammy|Computer Science
kendrick00@uchicago.edu|Kendrick|Econ
kendrick01@uchicago.edu|Kendrick|Econ
kendrick02@uchicago.edu|Kendrick|Computer Science
kendrick03@uchicago.edu|Kendrick|Math
erminia00@uchicago.edu|Erminia|Math
erminia01@uchicago.edu|Erminia|Econ
loida00@uchicago.edu|Loida|Econ
loida01@uchicago.edu|Loida|EE
kelly00@uchicago.edu|Kelly|EE
kelly01@uchicago.edu|Kelly|Computer Science
kelly02@uchicago.edu|Kelly|Stats
kelly03@uchicago.edu|Kelly|Math
herta00@uchicago.edu|Herta|Stats
herta01@uchicago.edu|Herta|Math
calista00@uchicago.edu|Calista|Econ
calista01@uchicago.edu|Calista|EE
clementina00@uchicago.edu|Clementina|Math
clementina01@uchicago.edu|Clementina|Computer Science
portia00@uchicago.edu|Portia|Math
portia01@uchicago.edu|Portia|Stats
shanice00@uchicago.edu|Shanice|Math
shanice01@uchicago.edu|Shanice|Math
shanice02@uchicago.edu|Shanice|EE
shanice03@uchicago.edu|Shanice|EE
sonia00@uchicago.edu|Sonia|Math
sonia01@uchicago.edu|Sonia|Stats
marybelle00@uchicago.edu|Marybelle|Math
marybelle01@uchicago.edu|Marybelle|Econ
chantel00@uchicago.edu|Chantel|Econ
chantel01@uchicago.edu|Chantel|EE
jolie00@uchicago.edu|Jolie|Computer Science
jolie01@uchicago.edu|Jolie|Math
shanelle00@uchicago.edu|Shanelle|Econ
shanelle01@uchicago.edu|Shanelle|EE
lida00@uchicago.edu|Lida|Stats
lida01@uchicago.edu|Lida|Econ
denver00@uchicago.edu|Denver|Stats
denver01@uchicago.edu|Denver|Math
levi00@uchicago.edu|Levi|Econ
levi01@uchicago.edu|Levi|Stats
belle00@uchicago.edu|Belle|Math
belle01@uchicago.edu|Belle|Econ
barbar00@uchicago.edu|Barbar|Stats
barbar01@uchicago.edu|Barbar|Econ
evelina00@uchicago.edu|Evelina|Stats
evelina01@uchicago.edu|Evelina|Econ
deirdre00@uchicago.edu|Deirdre|EE
deirdre01@uchicago.edu|Deirdre|Stats
josphine00@uchicago.edu|Josphine|EE
josphine01@uchicago.edu|Josphine|Computer Science
josphine02@uchicago.edu|Josphine|EE
josphine03@uchicago.edu|Josphine|Computer Science
maximina00@uchicago.edu|Maximina|EE
maximina01@uchicago.edu|Maximina|EE
maximina02@uchicago.edu|Maximina|Stats
maximina03@uchicago.edu|Maximina|Computer Science
margarita00@uchicago.edu|Margarita|Stats
margarita01@uchicago.edu|Margarita|Computer Science
henrietta00@uchicago.edu|Henrietta|Stats
henrietta01@uchicago.edu|Henrietta|EE
lincoln00@uchicago.edu|Lincoln|Computer Science
lincoln01@uchicago.edu|Lincoln|Computer Science
lincoln02@uchicago.edu|Lincoln|Computer Science
lincoln03@uchicago.edu|Lincoln|Stats
britney00@uchicago.edu|Britney|Econ
britney01@uchicago.edu|Britney|EE
patrick00@uchicago.edu|Patrick|Econ
patrick01@uchicago.edu|Patrick|Computer Science
suzi00@uchicago.edu|Suzi|Stats
suzi01@uchicago.edu|Suzi|Computer Science
andria00@uchicago.edu|Andria|Stats
andria01@uchicago.edu|Andria|EE
marna00@uchicago.edu|Marna|Computer Science
marna01@uchicago.edu|Marna|Econ
kourtney00@uchicago.edu|Kourtney|Stats
kourtney01@uchicago.edu|Kourtney|Math
nova00@uchicago.edu|Nova|Computer Science
nova01@uchicago.edu|Nova|Math
regena00@uchicago.edu|Regena|Econ
regena01@uchicago.edu|Regena|Computer Science
malik00@uchicago.edu|Malik|EE
malik01@uchicago.edu|Malik|Stats
omer00@uchicago.edu|Omer|Stats
omer01@uchicago.edu|Omer|Stats
lupita00@uchicago.edu|Lupita|Math
lupita01@uchicago.edu|Lupita|Econ
mireya00@uchicago.edu|Mireya|Econ
mireya01@uchicago.edu|Mireya|EE
dannie00@uchicago.edu|Dannie|Computer Science
dannie01@uchicago.edu|Dannie|EE
kathrin00@uchicago.edu|Kathrin|Math
kathrin01@uchicago.edu|Kathrin|Econ
carlyn00@uchicago.edu|Carlyn|Econ
carlyn01@uchicago.edu|Carlyn|Stats
carroll00@uchicago.edu|Carroll|EE
carroll01@uchicago.edu|Carroll|Econ
allan00@uchicago.edu|Allan|Econ
allan01@uchicago.edu|Allan|Stats
allan02@uchicago.edu|Allan|Math
allan03@uchicago.edu|Allan|EE
herman00@uchicago.edu|Herman|Computer Science
herman01@uchicago.edu|Herman|Math
fumiko00@uchicago.edu|Fumiko|Stats
fumiko01@uchicago.edu|Fumiko|Stats
shiloh00@uchicago.edu|Shiloh|Stats
shiloh01@uchicago.edu|Shiloh|Computer Science
peter00@uchicago.edu|Peter|Econ
peter01@uchicago.edu|Peter|Stats
trinidad00@uchicago.edu|Trinidad|Stats
trinidad01@uchicago.edu|Trinidad|Computer Science
aja00@uchicago.edu|Aja|EE
aja01@uchicago.edu|Aja|EE
tami00@uchicago.edu|Tami|Computer Science
tami01@uchicago.edu|Tami|Math
maybelle00@uchicago.edu|Maybelle|Computer Science
maybelle01@uchicago.edu|Maybelle|Math
angele00@uchicago.edu|Angele|Econ
angele01@uchicago.edu|Angele|Computer Science
douglas00@uchicago.edu|Douglas|Math
douglas01@uchicago.edu|Douglas|Econ
beryl00@uchicago.edu|Beryl|Math
beryl01@uchicago.edu|Beryl|Econ
maddie00@uchicago.edu|Maddie|Computer Science
maddie01@uchicago.edu|Maddie|Math
maddie02@uchicago.edu|Maddie|Math
maddie03@uchicago.edu|Maddie|EE
rolland00@uchicago.edu|Rolland|Stats
rolland01@uchicago.edu|Rolland|Econ
golda00@uchicago.edu|Golda|Computer Science
golda01@uchicago.edu|Golda|Math
aretha00@uchicago.edu|Aretha|EE
aretha01@uchicago.edu|Aretha|EE
anya00@uchicago.edu|Anya|Math
anya01@uchicago.edu|Anya|Computer Science
theo00@uchicago.edu|Theo|Stats
theo01@uchicago.edu|Theo|EE
christian00@uchicago.edu|Christian|Computer Science
christian01@uchicago.edu|Christian|Stats
latoyia00@uchicago.edu|Latoyia|Computer Science
latoyia01@uchicago.edu|Latoyia|Math
adeline00@uchicago.edu|Adeline|Computer Science
adeline01@uchicago.edu|Adeline|Econ
adeline02@uchicago.edu|Adeline|Computer Science
adeline03@uchicago.edu|Adeline|EE
lucie00@uchicago.edu|Lucie|Stats
lucie01@uchicago.edu|Lucie|Computer Science
jasmine00@uchicago.edu|Jasmine|Computer Science
jasmine01@uchicago.edu|Jasmine|Computer Science
thea00@uchicago.edu|Thea|Computer Science
thea01@uchicago.edu|Thea|Computer Science
lucia00@uchicago.edu|Lucia|Computer Science
lucia01@uchicago.edu|Lucia|Econ
lucia02@uchicago.edu|Lucia|Math
lucia03@uchicago.edu|Lucia|Stats
loree00@uchicago.edu|Loree|Stats
loree01@uchicago.edu|Loree|Econ
kim00@uchicago.edu|Kim|Math
kim01@uchicago.edu|Kim|EE
shirly00@uchicago.edu|Shirly|EE
shirly01@uchicago.edu|Shirly|EE
santo00@uchicago.edu|Santo|EE
santo01@uchicago.edu|Santo|Math
dede00@uchicago.edu|Dede|Stats
dede01@uchicago.edu|Dede|EE
jeannine00@uchicago.edu|Jeannine|Econ
jeannine01@uchicago.edu|Jeannine|Stats
loren00@uchicago.edu|Loren|EE
loren01@uchicago.edu|Loren|Computer Science
chere00@uchicago.edu|Chere|Math
chere01@uchicago.edu|Chere|EE
isaias00@uchicago.edu|Isaias|Stats
isaias01@uchicago.edu|Isaias|Econ
isaias02@uchicago.edu|Isaias|Econ
isaias03@uchicago.edu|Isaias|Econ
taunya00@uchicago.edu|Taunya|Stats
taunya01@uchicago.edu|Taunya|Econ
margaretta00@uchicago.edu|Margaretta|Math
margaretta01@uchicago.edu|Margaretta|EE
thu00@uchicago.edu|Thu|EE
thu01@uchicago.edu|Thu|Math
shoshana00@uchicago.edu|Shoshana|EE
shoshana01@uchicago.edu|Shoshana|Math
phebe00@uchicago.edu|Phebe|Computer Science
phebe01@uchicago.edu|Phebe|Math
martine00@uchicago.edu|Martine|Econ
martine01@uchicago.edu|Martine|Stats
mindi00@uchicago.edu|Mindi|Econ
mindi01@uchicago.edu|Mindi|Math
mercedes00@uchicago.edu|Mercedes|Stats
mercedes01@uchicago.edu|Mercedes|Econ
heide00@uchicago.edu|Heide|EE
heide01@uchicago.edu|Heide|Math
heide02@uchicago.edu|Heide|Math
heide03@uchicago.edu|Heide|Computer Science
tommy00@uchicago.edu|Tommy|Math
tommy01@uchicago.edu|Tommy|Computer Science
graig00@uchicago.edu|Graig|Econ
graig01@uchicago.edu|Graig|Computer Science
burma00@uchicago.edu|Burma|Computer Science
burma01@uchicago.edu|Burma|Computer Science
trenton00@uchicago.edu|Trenton|Math
trenton01@uchicago.edu|Trenton|EE
evelynn00@uchicago.edu|Evelynn|Econ
evelynn01@uchicago.edu|Evelynn|Math
elicia00@uchicago.edu|Elicia|Econ
elicia01@uchicago.edu|Elicia|Computer Science
marie00@uchicago.edu|Marie|Econ
marie01@uchicago.edu|Marie|EE
carletta00@uchicago.edu|Carletta|Econ
carletta01@uchicago.edu|Carletta|EE
eleonora00@uchicago.edu|Eleonora|Econ
eleonora01@uchicago.edu|Eleonora|Math
glennie00@uchicago.edu|Glennie|Econ
glennie01@uchicago.edu|Glennie|Stats
joyce00@uchicago.edu|Joyce|Computer Science
joyce01@uchicago.edu|Joyce|EE
johna00@uchicago.edu|Johna|EE
johna01@uchicago.edu|Johna|Math
rupert00@uchicago.edu|Rupert|Stats
rupert01@uchicago.edu|Rupert|Econ
alisia00@uchicago.edu|Alisia|Computer Science
alisia01@uchicago.edu|Alisia|Math
russel00@uchicago.edu|Russel|Computer Science
russel01@uchicago.edu|Russel|Math
juli00@uchicago.edu|Juli|Computer Science
juli01@uchicago.edu|Juli|Computer Science
gabrielle00@uchicago.edu|Gabrielle|Math
gabrielle01@uchicago.edu|Gabrielle|Econ
garnet00@uchicago.edu|Garnet|Stats
garnet01@uchicago.edu|Garnet|Math
florencia00@uchicago.edu|Florencia|Math
florencia01@uchicago.edu|Florencia|Math
hai00@uchicago.edu|Hai|Econ
hai01@uchicago.edu|Hai|EE
shawnee00@uchicago.edu|Shawnee|Computer Science
shawnee01@uchicago.edu|Shawnee|Econ
harry00@uchicago.edu|Harry|EE
harry01@uchicago.edu|Harry|Math
kathaleen00@uchicago.edu|Kathaleen|Econ
kathaleen01@uchicago.edu|Kathaleen|EE
hae00@uchicago.edu|Hae|Econ
hae01@uchicago.edu|Hae|Stats
loura00@uchicago.edu|Loura|Econ
loura01@uchicago.edu|Loura|Math
wes00@uchicago.edu|Wes|Stats
wes01@uchicago.edu|Wes|EE
wes02@uchicago.edu|Wes|Math
wes03@uchicago.edu|Wes|Math
nita00@uchicago.edu|Nita|Econ
nita01@uchicago.edu|Nita|Computer Science
aurore00@uchicago.edu|Aurore|Math
aurore01@uchicago.edu|Aurore|Econ
claribel00@uchicago.edu|Claribel|Econ
claribel01@uchicago.edu|Claribel|Computer Science
elease00@uchicago.edu|Elease|Math
elease01@uchicago.edu|Elease|Stats
carmina00@uchicago.edu|Carmina|Math
carmina01@uchicago.edu|Carmina|EE
cherelle00@uchicago.edu|Cherelle|Econ
cherelle01@uchicago.edu|Cherelle|Stats
gaylord00@uchicago.edu|Gaylord|Stats
gaylord01@uchicago.edu|Gaylord|Econ
gaylord02@uchicago.edu|Gaylord|Math
gaylord03@uchicago.edu|Gaylord|Econ
betsey00@uchicago.edu|Betsey|EE
betsey01@uchicago.edu|Betsey|Stats
thanh00@uchicago.edu|Thanh|Stats
thanh01@uchicago.edu|Thanh|Stats
corliss00@uchicago.edu|Corliss|Stats
corliss01@uchicago.edu|Corliss|Econ
ressie00@uchicago.edu|Ressie|Computer Science
ressie01@uchicago.edu|Ressie|Math
cruz00@uchicago.edu|Cruz|Math
cruz01@uchicago.edu|Cruz|Math
harriette00@uchicago.edu|Harriette|EE
harriette01@uchicago.edu|Harriette|Stats
mathilde00@uchicago.edu|Mathilde|Stats
mathilde01@uchicago.edu|Mathilde|Econ
jo00@uchicago.edu|Jo|Econ
jo01@uchicago.edu|Jo|Computer Science
kenyatta00@uchicago.edu|Kenyatta|Computer Science
kenyatta01@uchicago.edu|Kenyatta|Econ
kenyatta02@uchicago.edu|Kenyatta|EE
kenyatta03@uchicago.edu|Kenyatta|Math
manie00@uchicago.edu|Manie|Stats
manie01@uchicago.edu|Manie|Econ
jonas00@uchicago.edu|Jonas|Econ
jonas01@uchicago.edu|Jonas|EE
kathe00@uchicago.edu|Kathe|Econ
kathe01@uchicago.edu|Kathe|EE
kathe02@uchicago.edu|Kathe|Stats
kathe03@uchicago.edu|Kathe|Computer Science
bryant00@uchicago.edu|Bryant|Computer Science
bryant01@uchicago.edu|Bryant|Stats
barabara00@uchicago.edu|Barabara|Math
barabara01@uchicago.edu|Barabara|Stats
angila00@uchicago.edu|Angila|Stats
angila01@uchicago.edu|Angila|Math
loraine00@uchicago.edu|Loraine|Computer Science
loraine01@uchicago.edu|Loraine|Stats
sharie00@uchicago.edu|Sharie|Computer Science
sharie01@uchicago.edu|Sharie|EE
crystal00@uchicago.edu|Crystal|Math
crystal01@uchicago.edu|Crystal|EE
gwendolyn00@uchicago.edu|Gwendolyn|Math
gwendolyn01@uchicago.edu|Gwendolyn|Econ
edythe00@uchicago.edu|Edythe|Computer Science
edythe01@uchicago.edu|Edythe|Econ
brittani00@uchicago.edu|Brittani|Stats
brittani01@uchicago.edu|Brittani|Stats
matilda00@uchicago.edu|Matilda|Math
matilda01@uchicago.edu|Matilda|Computer Science
clarissa00@uchicago.edu|Clarissa|Stats
clarissa01@uchicago.edu|Clarissa|EE
liana00@uchicago.edu|Liana|Econ
liana01@uchicago.edu|Liana|Math
christen00@uchicago.edu|Christen|Math
christen01@uchicago.edu|Christen|EE
carley00@uchicago.edu|Carley|Stats
carley01@uchicago.edu|Carley|Computer Science
pauline00@uchicago.edu|Pauline|EE
pauline01@uchicago.edu|Pauline|Stats
linsey00@uchicago.edu|Linsey|EE
linsey01@uchicago.edu|Linsey|Econ
penny00@uchicago.edu|Penny|Econ
penny01@uchicago.edu|Penny|Math
georgianna00@uchicago.edu|Georgianna|EE
georgianna01@uchicago.edu|Georgianna|Econ
emelia00@uchicago.edu|Emelia|Computer Science
emelia01@uchicago.edu|Emelia|EE
rodrigo00@uchicago.edu|Rodrigo|EE
rodrigo01@uchicago.edu|Rodrigo|EE
harold00@uchicago.edu|Harold|EE
harold01@uchicago.edu|Harold|Stats
preston00@uchicago.edu|Preston|Econ
preston01@uchicago.edu|Preston|Math
preston02@uchicago.edu|Preston|Math
preston03@uchicago.edu|Preston|Stats
dwana00@uchicago.edu|Dwana|EE
dwana01@uchicago.edu|Dwana|Computer Science
mauro00@uchicago.edu|Mauro|Econ
mauro01@uchicago.edu|Mauro|Math
maryetta00@uchicago.edu|Maryetta|Math
maryetta01@uchicago.edu|Maryetta|Stats
myrtie00@uchicago.edu|Myrtie|Econ
myrtie01@uchicago.edu|Myrtie|Econ
zoe00@uchicago.edu|Zoe|Stats
zoe01@uchicago.edu|Zoe|Stats
adrienne00@uchicago.edu|Adrienne|Stats
adrienne01@uchicago.edu|Adrienne|Stats
maribel00@uchicago.edu|Maribel|EE
maribel01@uchicago.edu|Maribel|Computer Science
herminia00@uchicago.edu|Herminia|Math
herminia01@uchicago.edu|Herminia|Stats
albertine00@uchicago.edu|Albertine|Math
albertine01@uchicago.edu|Albertine|Computer Science
dorinda00@uchicago.edu|Dorinda|Math
dorinda01@uchicago.edu|Dorinda|Econ
providencia00@uchicago.edu|Providencia|Math
providencia01@uchicago.edu|Providencia|Econ
maryln00@uchicago.edu|Maryln|Econ
maryln01@uchicago.edu|Maryln|Econ
maryln02@uchicago.edu|Maryln|Math
maryln03@uchicago.edu|Maryln|Math
maryln04@uchicago.edu|Maryln|Computer Science
maryln05@uchicago.edu|Maryln|Math
maryln06@uchicago.edu|Maryln|Computer Science
maryln07@uchicago.edu|Maryln|Computer Science
krysta00@uchicago.edu|Krysta|Econ
krysta01@uchicago.edu|Krysta|Econ
cristal00@uchicago.edu|Cristal|Stats
cristal01@uchicago.edu|Cristal|EE
jae00@uchicago.edu|Jae|EE
jae01@uchicago.edu|Jae|Computer Science
anglea00@uchicago.edu|Anglea|Econ
anglea01@uchicago.edu|Anglea|Stats
jutta00@uchicago.edu|Jutta|Stats
jutta01@uchicago.edu|Jutta|Computer Science
terri00@uchicago.edu|Terri|EE
terri01@uchicago.edu|Terri|Computer Science
terri02@uchicago.edu|Terri|Computer Science
terri03@uchicago.edu|Terri|Math
nguyet00@uchicago.edu|Nguyet|Econ
nguyet01@uchicago.edu|Nguyet|Computer Science
ona00@uchicago.edu|Ona|Econ
ona01@uchicago.edu|Ona|Math
ariana00@uchicago.edu|Ariana|EE
ariana01@uchicago.edu|Ariana|Math
elna00@uchicago.edu|Elna|Computer Science
elna01@uchicago.edu|Elna|Econ
merna00@uchicago.edu|Merna|Stats
merna01@uchicago.edu|Merna|EE
merna02@uchicago.edu|Merna|Computer Science
merna03@uchicago.edu|Merna|Math
merna04@uchicago.edu|Merna|EE
merna05@uchicago.edu|Merna|Econ
latina00@uchicago.edu|Latina|Math
latina01@uchicago.edu|Latina|Econ
bebe00@uchicago.edu|Bebe|Math
bebe01@uchicago.edu|Bebe|Econ
bridgett00@uchicago.edu|Bridgett|EE
bridgett01@uchicago.edu|Bridgett|Computer Science
cathie00@uchicago.edu|Cathie|EE
cathie01@uchicago.edu|Cathie|Math
viviana00@uchicago.edu|Viviana|Computer Science
viviana01@uchicago.edu|Viviana|Math
delores00@uchicago.edu|Delores|Econ
delores01@uchicago.edu|Delores|Stats
edgar00@uchicago.edu|Edgar|Math
edgar01@uchicago.edu|Edgar|Computer Science
nohemi00@uchicago.edu|Nohemi|EE
nohemi01@uchicago.edu|Nohemi|Math
lindsey00@uchicago.edu|Lindsey|Stats
lindsey01@uchicago.edu|Lindsey|Math
genie00@uchicago.edu|Genie|EE
genie01@uchicago.edu|Genie|Econ
lorette00@uchicago.edu|Lorette|Econ
lorette01@uchicago.edu|Lorette|Computer Science
lorette02@uchicago.edu|Lorette|Math
lorette03@uchicago.edu|Lorette|Stats
corrina00@uchicago.edu|Corrina|Math
corrina01@uchicago.edu|Corrina|EE
shanda00@uchicago.edu|Shanda|Computer Science
shanda01@uchicago.edu|Shanda|EE
oralee00@uchicago.edu|Oralee|Econ
oralee01@uchicago.edu|Oralee|Computer Science
hilde00@uchicago.edu|Hilde|Stats
hilde01@uchicago.edu|Hilde|Math
leeann00@uchicago.edu|Leeann|Math
leeann01@uchicago.edu|Leeann|Computer Science
arleen00@uchicago.edu|Arleen|Math
arleen01@uchicago.edu|Arleen|Stats
karen00@uchicago.edu|Karen|Computer Science
karen01@uchicago.edu|Karen|Computer Science
tianna00@uchicago.edu|Tianna|Econ
tianna01@uchicago.edu|Tianna|Computer Science
willette00@uchicago.edu|Willette|Stats
willette01@uchicago.edu|Willette|Stats
violet00@uchicago.edu|Violet|Econ
violet01@uchicago.edu|Violet|EE
santina00@uchicago.edu|Santina|Econ
santina01@uchicago.edu|Santina|EE
alessandra00@uchicago.edu|Alessandra|Econ
alessandra01@uchicago.edu|Alessandra|Stats
alessandra02@uchicago.edu|Alessandra|Econ
alessandra03@uchicago.edu|Alessandra|EE
timothy00@uchicago.edu|Timothy|Math
timothy01@uchicago.edu|Timothy|Computer Science
ida00@uchicago.edu|Ida|Computer Science
ida01@uchicago.edu|Ida|Econ
jeremy00@uchicago.edu|Jeremy|Computer Science
jeremy01@uchicago.edu|Jeremy|Econ
arminda00@uchicago.edu|Arminda|Econ
arminda01@uchicago.edu|Arminda|Computer Science
zane00@uchicago.edu|Zane|Math
zane01@uchicago.edu|Zane|Math
millard00@uchicago.edu|Millard|Math
millard01@uchicago.edu|Millard|Computer Science
margene00@uchicago.edu|Margene|Econ
margene01@uchicago.edu|Margene|Math
riley00@uchicago.edu|Riley|Computer Science
riley01@uchicago.edu|Riley|Stats
estell00@uchicago.edu|Estell|Stats
estell01@uchicago.edu|Estell|EE
twanda00@uchicago.edu|Twanda|EE
twanda01@uchicago.edu|Twanda|Stats
veta00@uchicago.edu|Veta|Computer Science
veta01@uchicago.edu|Veta|Math
gregg00@uchicago.edu|Gregg|Computer Science
gregg01@uchicago.edu|Gregg|EE
vivien00@uchicago.edu|Vivien|Math
vivien01@uchicago.edu|Vivien|Computer Science
earle00@uchicago.edu|Earle|EE
earle01@uchicago.edu|Earle|EE
caitlin00@uchicago.edu|Caitlin|Econ
caitlin01@uchicago.edu|Caitlin|Computer Science
merlene00@uchicago.edu|Merlene|Computer Science
merlene01@uchicago.edu|Merlene|Computer Science
hillary00@uchicago.edu|Hillary|Math
hillary01@uchicago.edu|Hillary|Math
maragaret00@uchicago.edu|Maragaret|EE
maragaret01@uchicago.edu|Maragaret|Stats
leone00@uchicago.edu|Leone|Math
leone01@uchicago.edu|Leone|EE
melania00@uchicago.edu|Melania|Stats
melania01@uchicago.edu|Melania|Stats
hsiu00@uchicago.edu|Hsiu|Math
hsiu01@uchicago.edu|Hsiu|Stats
jeneva00@uchicago.edu|Jeneva|EE
jeneva01@uchicago.edu|Jeneva|Econ
jeneva02@uchicago.edu|Jeneva|Computer Science
jeneva03@uchicago.edu|Jeneva|Math
babette00@uchicago.edu|Babette|Computer Science
babette01@uchicago.edu|Babette|Stats
patty00@uchicago.edu|Patty|Econ
patty01@uchicago.edu|Patty|Math
bernita00@uchicago.edu|Bernita|Computer Science
bernita01@uchicago.edu|Bernita|Stats
bertram00@uchicago.edu|Bertram|EE
bertram01@uchicago.edu|Bertram|Computer Science
vicki00@uchicago.edu|Vicki|Math
vicki01@uchicago.edu|Vicki|Math
donny00@uchicago.edu|Donny|EE
donny01@uchicago.edu|Donny|Math
laquita00@uchicago.edu|Laquita|Stats
laquita01@uchicago.edu|Laquita|EE
myrl00@uchicago.edu|Myrl|Stats
myrl01@uchicago.edu|Myrl|Math
chandra00@uchicago.edu|Chandra|Math
chandra01@uchicago.edu|Chandra|Computer Science
rory00@uchicago.edu|Rory|Econ
rory01@uchicago.edu|Rory|Computer Science
alexandra00@uchicago.edu|Alexandra|EE
alexandra01@uchicago.edu|Alexandra|Math
aurea00@uchicago.edu|Aurea|Computer Science
aurea01@uchicago.edu|Aurea|Econ
barbara00@uchicago.edu|Barbara|EE
barbara01@uchicago.edu|Barbara|EE
rufus00@uchicago.edu|Rufus|EE
rufus01@uchicago.edu|Rufus|Econ
shemeka00@uchicago.edu|Shemeka|Econ
shemeka01@uchicago.edu|Shemeka|Computer Science
shemeka02@uchicago.edu|Shemeka|Econ
shemeka03@uchicago.edu|Shemeka|Computer Science
kathline00@uchicago.edu|Kathline|EE
kathline01@uchicago.edu|Kathline|Math
ana00@uchicago.edu|Ana|Computer Science
ana01@uchicago.edu|Ana|Econ
donita00@uchicago.edu|Donita|EE
donita01@uchicago.edu|Donita|Stats
xuan00@uchicago.edu|Xuan|Econ
xuan01@uchicago.edu|Xuan|Computer Science
fonda00@uchicago.edu|Fonda|EE
fonda01@uchicago.edu|Fonda|Econ
fonda02@uchicago.edu|Fonda|Stats
fonda03@uchicago.edu|Fonda|Computer Science
ann00@uchicago.edu|Ann|Econ
ann01@uchicago.edu|Ann|Math
ann02@uchicago.edu|Ann|Stats
ann03@uchicago.edu|Ann|Computer Science
reagan00@uchicago.edu|Reagan|Math
reagan01@uchicago.edu|Reagan|Econ
julissa00@uchicago.edu|Julissa|EE
julissa01@uchicago.edu|Julissa|Math
shae00@uchicago.edu|Shae|Math
shae01@uchicago.edu|Shae|Econ
dortha00@uchicago.edu|Dortha|EE
dortha01@uchicago.edu|Dortha|Stats
dorla00@uchicago.edu|Dorla|Computer Science
dorla01@uchicago.edu|Dorla|Econ
sparkle00@uchicago.edu|Sparkle|Math
sparkle01@uchicago.edu|Sparkle|Econ
adrianna00@uchicago.edu|Adrianna|Math
adrianna01@uchicago.edu|Adrianna|EE
charla00@uchicago.edu|Charla|Stats
charla01@uchicago.edu|Charla|Computer Science
cole00@uchicago.edu|Cole|Econ
cole01@uchicago.edu|Cole|Computer Science
venice00@uchicago.edu|Venice|EE
venice01@uchicago.edu|Venice|Math
nannie00@uchicago.edu|Nannie|Computer Science
nannie01@uchicago.edu|Nannie|Econ
ellis00@uchicago.edu|Ellis|Math
ellis01@uchicago.edu|Ellis|Math
audrey00@uchicago.edu|Audrey|Stats
audrey01@uchicago.edu|Audrey|Computer Science
toshia00@uchicago.edu|Toshia|Computer Science
toshia01@uchicago.edu|Toshia|Math
dick00@uchicago.edu|Dick|Econ
dick01@uchicago.edu|Dick|Computer Science
nan00@uchicago.edu|Nan|Econ
nan01@uchicago.edu|Nan|Computer Science
shavonda00@uchicago.edu|Shavonda|EE
shavonda01@uchicago.edu|Shavonda|Stats
shavonda02@uchicago.edu|Shavonda|Stats
shavonda03@uchicago.edu|Shavonda|Computer Science
shavonda04@uchicago.edu|Shavonda|Math
shavonda05@uchicago.edu|Shavonda|Math
celestina00@uchicago.edu|Celestina|EE
celestina01@uchicago.edu|Celestina|Math
daniella00@uchicago.edu|Daniella|Stats
daniella01@uchicago.edu|Daniella|Econ
jacquelyne00@uchicago.edu|Jacquelyne|EE
jacquelyne01@uchicago.edu|Jacquelyne|Computer Science
jacquelyne02@uchicago.edu|Jacquelyne|Computer Science
jacquelyne03@uchicago.edu|Jacquelyne|EE
tanya00@uchicago.edu|Tanya|Stats
tanya01@uchicago.edu|Tanya|Econ
kizzie00@uchicago.edu|Kizzie|Computer Science
kizzie01@uchicago.edu|Kizzie|Stats
cherri00@uchicago.edu|Cherri|Computer Science
cherri01@uchicago.edu|Cherri|Stats
loreta00@uchicago.edu|Loreta|Stats
loreta01@uchicago.edu|Loreta|EE
jacquelynn00@uchicago.edu|Jacquelynn|Econ
jacquelynn01@uchicago.edu|Jacquelynn|Econ
tomika00@uchicago.edu|Tomika|Econ
tomika01@uchicago.edu|Tomika|Computer Science
yer00@uchicago.edu|Yer|Math
yer01@uchicago.edu|Yer|Stats
athena00@uchicago.edu|Athena|Stats
athena01@uchicago.edu|Athena|Econ
jeffrey00@uchicago.edu|Jeffrey|EE
jeffrey01@uchicago.edu|Jeffrey|EE
kesha00@uchicago.edu|Kesha|Computer Science
kesha01@uchicago.edu|Kesha|EE
antwan00@uchicago.edu|Antwan|Econ
antwan01@uchicago.edu|Antwan|Math
catharine00@uchicago.edu|Catharine|Econ
catharine01@uchicago.edu|Catharine|Computer Science
darcy00@uchicago.edu|Darcy|Stats
darcy01@uchicago.edu|Darcy|Econ
becki00@uchicago.edu|Becki|Econ
becki01@uchicago.edu|Becki|EE
ike00@uchicago.edu|Ike|EE
ike01@uchicago.edu|Ike|Math
chara00@uchicago.edu|Chara|Math
chara01@uchicago.edu|Chara|Econ
billye00@uchicago.edu|Billye|Math
billye01@uchicago.edu|Billye|EE
kimberley00@uchicago.edu|Kimberley|Econ
kimberley01@uchicago.edu|Kimberley|Econ
marcus00@uchicago.edu|Marcus|Math
marcus01@uchicago.edu|Marcus|Stats
maricruz00@uchicago.edu|Maricruz|Computer Science
maricruz01@uchicago.edu|Maricruz|Econ
patience00@uchicago.edu|Patience|Computer Science
patience01@uchicago.edu|Patience|Econ
salvador00@uchicago.edu|Salvador|Computer Science
salvador01@uchicago.edu|Salvador|Econ
tracee00@uchicago.edu|Tracee|Econ
tracee01@uchicago.edu|Tracee|EE
alice00@uchicago.edu|Alice|Econ
alice01@uchicago.edu|Alice|Econ
raphael00@uchicago.edu|Raphael|Econ
raphael01@uchicago.edu|Raphael|Math
arianna00@uchicago.edu|Arianna|Stats
arianna01@uchicago.edu|Arianna|Econ
arianna02@uchicago.edu|Arianna|Econ
arianna03@uchicago.edu|Arianna|Econ
lizette00@uchicago.edu|Lizette|Stats
lizette01@uchicago.edu|Lizette|Math
alejandrina00@uchicago.edu|Alejandrina|Math
alejandrina01@uchicago.edu|Alejandrina|Computer Science
colene00@uchicago.edu|Colene|Computer Science
colene01@uchicago.edu|Colene|Math
mitchell00@uchicago.edu|Mitchell|Computer Science
mitchell01@uchicago.edu|Mitchell|Computer Science
antonette00@uchicago.edu|Antonette|Econ
antonette01@uchicago.edu|Antonette|Math
marget00@uchicago.edu|Marget|EE
marget01@uchicago.edu|Marget|Math
eula00@uchicago.edu|Eula|Math
eula01@uchicago.edu|Eula|EE
rene00@uchicago.edu|Rene|Math
rene01@uchicago.edu|Rene|Econ
misti00@uchicago.edu|Misti|Computer Science
misti01@uchicago.edu|Misti|Math
velda00@uchicago.edu|Velda|Stats
velda01@uchicago.edu|Velda|Stats
kary00@uchicago.edu|Kary|Math
kary01@uchicago.edu|Kary|Computer Science
kary02@uchicago.edu|Kary|Math
kary03@uchicago.edu|Kary|EE
lulu00@uchicago.edu|Lulu|Math
lulu01@uchicago.edu|Lulu|Econ
madge00@uchicago.edu|Madge|Stats
madge01@uchicago.edu|Madge|Math
carlton00@uchicago.edu|Carlton|Math
carlton01@uchicago.edu|Carlton|EE
scot00@uchicago.edu|Scot|Stats
scot01@uchicago.edu|Scot|Math
gertrudis00@uchicago.edu|Gertrudis|Econ
gertrudis01@uchicago.edu|Gertrudis|Stats
obdulia00@uchicago.edu|Obdulia|Econ
obdulia01@uchicago.edu|Obdulia|Econ
britta00@uchicago.edu|Britta|EE
britta01@uchicago.edu|Britta|Math
illa00@uchicago.edu|Illa|EE
illa01@uchicago.edu|Illa|Econ
era00@uchicago.edu|Era|Computer Science
era01@uchicago.edu|Era|Econ
kip00@uchicago.edu|Kip|Computer Science
kip01@uchicago.edu|Kip|EE
shelton00@uchicago.edu|Shelton|Econ
shelton01@uchicago.edu|Shelton|Math
shelton02@uchicago.edu|Shelton|Computer Science
shelton03@uchicago.edu|Shelton|EE
saran00@uchicago.edu|Saran|Math
saran01@uchicago.edu|Saran|Math
ping00@uchicago.edu|Ping|Math
ping01@uchicago.edu|Ping|Econ
rosaria00@uchicago.edu|Rosaria|EE
rosaria01@uchicago.edu|Rosaria|Computer Science
sunday00@uchicago.edu|Sunday|Econ
sunday01@uchicago.edu|Sunday|EE
missy00@uchicago.edu|Missy|Econ
missy01@uchicago.edu|Missy|Computer Science
chia00@uchicago.edu|Chia|EE
chia01@uchicago.edu|Chia|Computer Science
onita00@uchicago.edu|Onita|EE
onita01@uchicago.edu|Onita|Math
florene00@uchicago.edu|Florene|Computer Science
florene01@uchicago.edu|Florene|Econ
lucille00@uchicago.edu|Lucille|Math
lucille01@uchicago.edu|Lucille|EE
lavonia00@uchicago.edu|Lavonia|Econ
lavonia01@uchicago.edu|Lavonia|EE
bibi00@uchicago.edu|Bibi|Stats
bibi01@uchicago.edu|Bibi|EE
oscar00@uchicago.edu|Oscar|Stats
oscar01@uchicago.edu|Oscar|EE
odell00@uchicago.edu|Odell|Computer Science
odell01@uchicago.edu|Odell|Stats
louella00@uchicago.edu|Louella|Math
louella01@uchicago.edu|Louella|EE
victoria00@uchicago.edu|Victoria|Computer Science
victoria01@uchicago.edu|Victoria|Computer Science
margaret00@uchicago.edu|Margaret|Stats
margaret01@uchicago.edu|Margaret|EE
tajuana00@uchicago.edu|Tajuana|Econ
tajuana01@uchicago.edu|Tajuana|EE
charlesetta00@uchicago.edu|Charlesetta|Computer Science
charlesetta01@uchicago.edu|Charlesetta|Computer Science
susanne00@uchicago.edu|Susanne|Computer Science
susanne01@uchicago.edu|Susanne|Stats
reiko00@uchicago.edu|Reiko|Econ
reiko01@uchicago.edu|Reiko|Math
malvina00@uchicago.edu|Malvina|Stats
malvina01@uchicago.edu|Malvina|EE
hiedi00@uchicago.edu|Hiedi|Econ
hiedi01@uchicago.edu|Hiedi|Econ
isaura00@uchicago.edu|Isaura|Econ
isaura01@uchicago.edu|Isaura|EE
yuriko00@uchicago.edu|Yuriko|Econ
yuriko01@uchicago.edu|Yuriko|Econ
minna00@uchicago.edu|Minna|Computer Science
minna01@uchicago.edu|Minna|Math
glory00@uchicago.edu|Glory|Computer Science
glory01@uchicago.edu|Glory|EE
glory02@uchicago.edu|Glory|Math
glory03@uchicago.edu|Glory|Math
glory04@uchicago.edu|Glory|Computer Science
glory05@uchicago.edu|Glory|Math
lucina00@uchicago.edu|Lucina|Computer Science
lucina01@uchicago.edu|Lucina|Computer Science
nila00@uchicago.edu|Nila|Computer Science
nila01@uchicago.edu|Nila|Math
elwanda00@uchicago.edu|Elwanda|EE
elwanda01@uchicago.edu|Elwanda|Econ
denny00@uchicago.edu|Denny|Math
denny01@uchicago.edu|Denny|Computer Science
cathleen00@uchicago.edu|Cathleen|Econ
cathleen01@uchicago.edu|Cathleen|EE
mana00@uchicago.edu|Mana|EE
mana01@uchicago.edu|Mana|Math
kristie00@uchicago.edu|Kristie|Econ
kristie01@uchicago.edu|Kristie|Computer Science
darci00@uchicago.edu|Darci|Econ
darci01@uchicago.edu|Darci|Math
jonell00@uchicago.edu|Jonell|Computer Science
jonell01@uchicago.edu|Jonell|EE
rudolf00@uchicago.edu|Rudolf|Math
rudolf01@uchicago.edu|Rudolf|Math
jamee00@uchicago.edu|Jamee|Stats
jamee01@uchicago.edu|Jamee|Computer Science
soila00@uchicago.edu|Soila|EE
soila01@uchicago.edu|Soila|Stats
carrie00@uchicago.edu|Carrie|Math
carrie01@uchicago.edu|Carrie|Econ
chieko00@uchicago.edu|Chieko|Stats
chieko01@uchicago.edu|Chieko|Stats
chieko02@uchicago.edu|Chieko|Math
chieko03@uchicago.edu|Chieko|Computer Science
shara00@uchicago.edu|Shara|Math
shara01@uchicago.edu|Shara|Math
donnie00@uchicago.edu|Donnie|Econ
donnie01@uchicago.edu|Donnie|EE
raquel00@uchicago.edu|Raquel|Stats
raquel01@uchicago.edu|Raquel|Econ
maybell00@uchicago.edu|Maybell|Stats
maybell01@uchicago.edu|Maybell|Computer Science
jasper00@uchicago.edu|Jasper|Econ
jasper01@uchicago.edu|Jasper|Math
lorine00@uchicago.edu|Lorine|Econ
lorine01@uchicago.edu|Lorine|Math
man00@uchicago.edu|Man|Econ
man01@uchicago.edu|Man|Computer Science
dwayne00@uchicago.edu|Dwayne|Stats
dwayne01@uchicago.edu|Dwayne|EE
charlene00@uchicago.edu|Charlene|Stats
charlene01@uchicago.edu|Charlene|Econ
felecia00@uchicago.edu|Felecia|EE
felecia01@uchicago.edu|Felecia|Computer Science
sue00@uchicago.edu|Sue|Math
sue01@uchicago.edu|Sue|Stats
cyrstal00@uchicago.edu|Cyrstal|Computer Science
cyrstal01@uchicago.edu|Cyrstal|EE
sybil00@uchicago.edu|Sybil|Econ
sybil01@uchicago.edu|Sybil|Stats
mara00@uchicago.edu|Mara|Math
mara01@uchicago.edu|Mara|Math
mara02@uchicago.edu|Mara|Computer Science
mara03@uchicago.edu|Mara|Econ
wenona00@uchicago.edu|Wenona|Math
wenona01@uchicago.edu|Wenona|Stats
sun00@uchicago.edu|Sun|EE
sun01@uchicago.edu|Sun|Computer Science
qiana00@uchicago.edu|Qiana|Math
qiana01@uchicago.edu|Qiana|Math
mark00@uchicago.edu|Mark|Stats
mark01@uchicago.edu|Mark|Stats
kathlyn00@uchicago.edu|Kathlyn|Math
kathlyn01@uchicago.edu|Kathlyn|Math
lynnette00@uchicago.edu|Lynnette|Computer Science
lynnette01@uchicago.edu|Lynnette|Econ
andy00@uchicago.edu|Andy|EE
andy01@uchicago.edu|Andy|Computer Science
ellen00@uchicago.edu|Ellen|Computer Science
ellen01@uchicago.edu|Ellen|Stats
carola00@uchicago.edu|Carola|Math
carola01@uchicago.edu|Carola|Stats
eugena00@uchicago.edu|Eugena|EE
eugena01@uchicago.edu|Eugena|EE
eugena02@uchicago.edu|Eugena|Computer Science
eugena03@uchicago.edu|Eugena|EE
isiah00@uchicago.edu|Isiah|Econ
isiah01@uchicago.edu|Isiah|Econ
tawanna00@uchicago.edu|Tawanna|Stats
tawanna01@uchicago.edu|Tawanna|Stats
carole00@uchicago.edu|Carole|Stats
carole01@uchicago.edu|Carole|Math
susana00@uchicago.edu|Susana|Stats
susana01@uchicago.edu|Susana|Econ
horacio00@uchicago.edu|Horacio|Econ
horacio01@uchicago.edu|Horacio|EE
kristan00@uchicago.edu|Kristan|Econ
kristan01@uchicago.edu|Kristan|Stats
woodrow00@uchicago.edu|Woodrow|Math
woodrow01@uchicago.edu|Woodrow|Econ
leo00@uchicago.edu|Leo|Stats
leo01@uchicago.edu|Leo|EE
kayla00@uchicago.edu|Kayla|Computer Science
kayla01@uchicago.edu|Kayla|Math
les00@uchicago.edu|Les|EE
les01@uchicago.edu|Les|EE
palma00@uchicago.edu|Palma|Computer Science
palma01@uchicago.edu|Palma|EE
jayson00@uchicago.edu|Jayson|Econ
jayson01@uchicago.edu|Jayson|Stats
chris00@uchicago.edu|Chris|Computer Science
chris01@uchicago.edu|Chris|Stats
bula00@uchicago.edu|Bula|Stats
bula01@uchicago.edu|Bula|Econ
nyla00@uchicago.edu|Nyla|Econ
nyla01@uchicago.edu|Nyla|Math
shantelle00@uchicago.edu|Shantelle|Computer Science
shantelle01@uchicago.edu|Shantelle|Stats
shantelle02@uchicago.edu|Shantelle|Stats
shantelle03@uchicago.edu|Shantelle|Math
teresia00@uchicago.edu|Teresia|Computer Science
teresia01@uchicago.edu|Teresia|Econ
antonia00@uchicago.edu|Antonia|Stats
antonia01@uchicago.edu|Antonia|Econ
rosalia00@uchicago.edu|Rosalia|Math
rosalia01@uchicago.edu|Rosalia|Math
lilliana00@uchicago.edu|Lilliana|Computer Science
lilliana01@uchicago.edu|Lilliana|Math
lilliana02@uchicago.edu|Lilliana|EE
lilliana03@uchicago.edu|Lilliana|Stats
brady00@uchicago.edu|Brady|Math
brady01@uchicago.edu|Brady|Computer Science
coretta00@uchicago.edu|Coretta|Math
coretta01@uchicago.edu|Coretta|Math
neal00@uchicago.edu|Neal|Math
neal01@uchicago.edu|Neal|Stats
yasmin00@uchicago.edu|Yasmin|Stats
yasmin01@uchicago.edu|Yasmin|EE
lashawn00@uchicago.edu|Lashawn|Stats
lashawn01@uchicago.edu|Lashawn|Econ
bambi00@uchicago.edu|Bambi|Stats
bambi01@uchicago.edu|Bambi|Computer Science
deangelo00@uchicago.edu|Deangelo|Econ
deangelo01@uchicago.edu|Deangelo|Math
shaunda00@uchicago.edu|Shaunda|Computer Science
shaunda01@uchicago.edu|Shaunda|Stats
chuck00@uchicago.edu|Chuck|Computer Science
chuck01@uchicago.edu|Chuck|Econ
star00@uchicago.edu|Star|Stats
star01@uchicago.edu|Star|Econ
larhonda00@uchicago.edu|Larhonda|Math
larhonda01@uchicago.edu|Larhonda|Math
ellamae00@uchicago.edu|Ellamae|EE
ellamae01@uchicago.edu|Ellamae|EE
dorotha00@uchicago.edu|Dorotha|Computer Science
dorotha01@uchicago.edu|Dorotha|Stats
madison00@uchicago.edu|Madison|Econ
madison01@uchicago.edu|Madison|Econ
fredericka00@uchicago.edu|Fredericka|Stats
fredericka01@uchicago.edu|Fredericka|Computer Science
bart00@uchicago.edu|Bart|EE
bart01@uchicago.edu|Bart|Stats
leigh00@uchicago.edu|Leigh|EE
leigh01@uchicago.edu|Leigh|Math
leigh02@uchicago.edu|Leigh|Econ
leigh03@uchicago.edu|Leigh|Computer Science
kassandra00@uchicago.edu|Kassandra|Math
kassandra01@uchicago.edu|Kassandra|Math
jade00@uchicago.edu|Jade|EE
jade01@uchicago.edu|Jade|Stats
leesa00@uchicago.edu|Leesa|Math
leesa01@uchicago.edu|Leesa|Computer Science
hortensia00@uchicago.edu|Hortensia|Math
hortensia01@uchicago.edu|Hortensia|Econ
meagan00@uchicago.edu|Meagan|Stats
meagan01@uchicago.edu|Meagan|Stats
jada00@uchicago.edu|Jada|Stats
jada01@uchicago.edu|Jada|Stats
lynne00@uchicago.edu|Lynne|Econ
lynne01@uchicago.edu|Lynne|Math
blanche00@uchicago.edu|Blanche|Econ
blanche01@uchicago.edu|Blanche|Econ
blanche02@uchicago.edu|Blanche|Econ
blanche03@uchicago.edu|Blanche|Math
reba00@uchicago.edu|Reba|EE
reba01@uchicago.edu|Reba|Econ
tony00@uchicago.edu|Tony|Econ
tony01@uchicago.edu|Tony|EE
bess00@uchicago.edu|Bess|Computer Science
bess01@uchicago.edu|Bess|EE
lovella00@uchicago.edu|Lovella|Computer Science
lovella01@uchicago.edu|Lovella|EE
katie00@uchicago.edu|Katie|Stats
katie01@uchicago.edu|Katie|Econ
jenette00@uchicago.edu|Jenette|Stats
jenette01@uchicago.edu|Jenette|Econ
jenette02@uchicago.edu|Jenette|Computer Science
jenette03@uchicago.edu|Jenette|Computer Science
simon00@uchicago.edu|Simon|Computer Science
simon01@uchicago.edu|Simon|Econ
christeen00@uchicago.edu|Christeen|Computer Science
christeen01@uchicago.edu|Christeen|EE
christeen02@uchicago.edu|Christeen|Math
christeen03@uchicago.edu|Christeen|Math
iluminada00@uchicago.edu|Iluminada|EE
iluminada01@uchicago.edu|Iluminada|EE
jordon00@uchicago.edu|Jordon|Stats
jordon01@uchicago.edu|Jordon|Math
camellia00@uchicago.edu|Camellia|Math
camellia01@uchicago.edu|Camellia|Stats
krista00@uchicago.edu|Krista|EE
krista01@uchicago.edu|Krista|Math
hung00@uchicago.edu|Hung|EE
hung01@uchicago.edu|Hung|Stats
elton00@uchicago.edu|Elton|Math
elton01@uchicago.edu|Elton|Stats
magda00@uchicago.edu|Magda|Econ
magda01@uchicago.edu|Magda|Econ
shad00@uchicago.edu|Shad|Math
shad01@uchicago.edu|Shad|Math
celia00@uchicago.edu|Celia|EE
celia01@uchicago.edu|Celia|Econ
meaghan00@uchicago.edu|Meaghan|Stats
meaghan01@uchicago.edu|Meaghan|Computer Science
jaunita00@uchicago.edu|Jaunita|Math
jaunita01@uchicago.edu|Jaunita|Econ
martha00@uchicago.edu|Martha|EE
martha01@uchicago.edu|Martha|Econ
nu00@uchicago.edu|Nu|Math
nu01@uchicago.edu|Nu|Stats
ivory00@uchicago.edu|Ivory|Stats
ivory01@uchicago.edu|Ivory|EE
shanita00@uchicago.edu|Shanita|Computer Science
shanita01@uchicago.edu|Shanita|Math
jamie00@uchicago.edu|Jamie|Math
jamie01@uchicago.edu|Jamie|Econ
chance00@uchicago.edu|Chance|Econ
chance01@uchicago.edu|Chance|EE
gwyneth00@uchicago.edu|Gwyneth|Econ
gwyneth01@uchicago.edu|Gwyneth|Math
gwyn00@uchicago.edu|Gwyn|Math
gwyn01@uchicago.edu|Gwyn|Computer Science
elena00@uchicago.edu|Elena|Econ
elena01@uchicago.edu|Elena|EE
stewart00@uchicago.edu|Stewart|Computer Science
stewart01@uchicago.edu|Stewart|Computer Science
katharina00@uchicago.edu|Katharina|Stats
katharina01@uchicago.edu|Katharina|Math
sabrina00@uchicago.edu|Sabrina|Econ
sabrina01@uchicago.edu|Sabrina|Computer Science
clifford00@uchicago.edu|Clifford|EE
clifford01@uchicago.edu|Clifford|Math
bryan00@uchicago.edu|Bryan|Stats
bryan01@uchicago.edu|Bryan|Econ
kimber00@uchicago.edu|Kimber|Stats
kimber01@uchicago.edu|Kimber|Math
carl00@uchicago.edu|Carl|Stats
carl01@uchicago.edu|Carl|Math
waldo00@uchicago.edu|Waldo|Econ
waldo01@uchicago.edu|Waldo|Math
kazuko00@uchicago.edu|Kazuko|Math
kazuko01@uchicago.edu|Kazuko|Computer Science
mikaela00@uchicago.edu|Mikaela|Stats
mikaela01@uchicago.edu|Mikaela|Econ
amberly00@uchicago.edu|Amberly|EE
amberly01@uchicago.edu|Amberly|Stats
nola00@uchicago.edu|Nola|Math
nola01@uchicago.edu|Nola|EE
misha00@uchicago.edu|Misha|Computer Science
misha01@uchicago.edu|Misha|Computer Science
flo00@uchicago.edu|Flo|Computer Science
flo01@uchicago.edu|Flo|Math
adrian00@uchicago.edu|Adrian|EE
adrian01@uchicago.edu|Adrian|Stats
luciano00@uchicago.edu|Luciano|Econ
luciano01@uchicago.edu|Luciano|Econ
mason00@uchicago.edu|Mason|Math
mason01@uchicago.edu|Mason|Econ
novella00@uchicago.edu|Novella|Math
novella01@uchicago.edu|Novella|Computer Science
asuncion00@uchicago.edu|Asuncion|EE
asuncion01@uchicago.edu|Asuncion|Stats
miki00@uchicago.edu|Miki|Math
miki01@uchicago.edu|Miki|Math
treasa00@uchicago.edu|Treasa|Math
treasa01@uchicago.edu|Treasa|Econ
dixie00@uchicago.edu|Dixie|Econ
dixie01@uchicago.edu|Dixie|EE
mechelle00@uchicago.edu|Mechelle|Econ
mechelle01@uchicago.edu|Mechelle|Computer Science
loan00@uchicago.edu|Loan|Computer Science
loan01@uchicago.edu|Loan|Computer Science
luana00@uchicago.edu|Luana|Math
luana01@uchicago.edu|Luana|Stats
luana02@uchicago.edu|Luana|Math
luana03@uchicago.edu|Luana|Stats
jaye00@uchicago.edu|Jaye|Math
jaye01@uchicago.edu|Jaye|Stats
murray00@uchicago.edu|Murray|Math
murray01@uchicago.edu|Murray|Computer Science
deonna00@uchicago.edu|Deonna|Computer Science
deonna01@uchicago.edu|Deonna|Math
helena00@uchicago.edu|Helena|Computer Science
helena01@uchicago.edu|Helena|EE
helena02@uchicago.edu|Helena|Math
helena03@uchicago.edu|Helena|Math
helena04@uchicago.edu|Helena|EE
helena05@uchicago.edu|Helena|Computer Science
helena06@uchicago.edu|Helena|Math
helena07@uchicago.edu|Helena|Stats
jessi00@uchicago.edu|Jessi|Math
jessi01@uchicago.edu|Jessi|Computer Science
ammie00@uchicago.edu|Ammie|EE
ammie01@uchicago.edu|Ammie|Stats
mireille00@uchicago.edu|Mireille|Math
mireille01@uchicago.edu|Mireille|EE
merideth00@uchicago.edu|Merideth|Stats
merideth01@uchicago.edu|Merideth|Stats
jaquelyn00@uchicago.edu|Jaquelyn|EE
jaquelyn01@uchicago.edu|Jaquelyn|Stats
ava00@uchicago.edu|Ava|Computer Science
ava01@uchicago.edu|Ava|EE
ava02@uchicago.edu|Ava|Computer Science
ava03@uchicago.edu|Ava|EE
cammie00@uchicago.edu|Cammie|Computer Science
cammie01@uchicago.edu|Cammie|Econ
amiee00@uchicago.edu|Amiee|Math
amiee01@uchicago.edu|Amiee|Stats
hoa00@uchicago.edu|Hoa|Math
hoa01@uchicago.edu|Hoa|Stats
orval00@uchicago.edu|Orval|Econ
orval01@uchicago.edu|Orval|Math
cassy00@uchicago.edu|Cassy|EE
cassy01@uchicago.edu|Cassy|Computer Science
tu00@uchicago.edu|Tu|Econ
tu01@uchicago.edu|Tu|Econ
abigail00@uchicago.edu|Abigail|Stats
abigail01@uchicago.edu|Abigail|Computer Science
jaimie00@uchicago.edu|Jaimie|EE
jaimie01@uchicago.edu|Jaimie|Computer Science
emely00@uchicago.edu|Emely|Computer Science
emely01@uchicago.edu|Emely|Stats
avis00@uchicago.edu|Avis|EE
avis01@uchicago.edu|Avis|Computer Science
leopoldo00@uchicago.edu|Leopoldo|Math
leopoldo01@uchicago.edu|Leopoldo|Stats
leopoldo02@uchicago.edu|Leopoldo|Math
leopoldo03@uchicago.edu|Leopoldo|EE
anamaria00@uchicago.edu|Anamaria|EE
anamaria01@uchicago.edu|Anamaria|Math
virgie00@uchicago.edu|Virgie|Math
virgie01@uchicago.edu|Virgie|EE
huey00@uchicago.edu|Huey|Math
huey01@uchicago.edu|Huey|EE
madelyn00@uchicago.edu|Madelyn|Stats
madelyn01@uchicago.edu|Madelyn|Computer Science
coral00@uchicago.edu|Coral|Econ
coral01@uchicago.edu|Coral|Econ
elmira00@uchicago.edu|Elmira|Econ
elmira01@uchicago.edu|Elmira|Computer Science
francisco00@uchicago.edu|Francisco|Computer Science
francisco01@uchicago.edu|Francisco|Econ
elsa00@uchicago.edu|Elsa|Econ
elsa01@uchicago.edu|Elsa|Econ
marin00@uchicago.edu|Marin|Math
marin01@uchicago.edu|Marin|Computer Science
nolan00@uchicago.edu|Nolan|Econ
nolan01@uchicago.edu|Nolan|Computer Science
janay00@uchicago.edu|Janay|Computer Science
janay01@uchicago.edu|Janay|Math
rikki00@uchicago.edu|Rikki|Econ
rikki01@uchicago.edu|Rikki|EE
andrea00@uchicago.edu|Andrea|Computer Science
andrea01@uchicago.edu|Andrea|Econ
vennie00@uchicago.edu|Vennie|EE
vennie01@uchicago.edu|Vennie|Econ
vennie02@uchicago.edu|Vennie|Stats
vennie03@uchicago.edu|Vennie|Math
robbyn00@uchicago.edu|Robbyn|Computer Science
robbyn01@uchicago.edu|Robbyn|Stats
robbyn02@uchicago.edu|Robbyn|Math
robbyn03@uchicago.edu|Robbyn|Stats
maria00@uchicago.edu|Maria|EE
maria01@uchicago.edu|Maria|Econ
katherin00@uchicago.edu|Katherin|Math
katherin01@uchicago.edu|Katherin|Computer Science
bea00@uchicago.edu|Bea|Math
bea01@uchicago.edu|Bea|Math
iliana00@uchicago.edu|Iliana|EE
iliana01@uchicago.edu|Iliana|EE
albina00@uchicago.edu|Albina|EE
albina01@uchicago.edu|Albina|EE
stacia00@uchicago.edu|Stacia|Stats
stacia01@uchicago.edu|Stacia|Computer Science
stacie00@uchicago.edu|Stacie|Stats
stacie01@uchicago.edu|Stacie|Econ
arnold00@uchicago.edu|Arnold|Stats
arnold01@uchicago.edu|Arnold|EE
delena00@uchicago.edu|Delena|Stats
delena01@uchicago.edu|Delena|Math
antionette00@uchicago.edu|Antionette|Computer Science
antionette01@uchicago.edu|Antionette|EE
maryjane00@uchicago.edu|Maryjane|Math
maryjane01@uchicago.edu|Maryjane|Computer Science
margurite00@uchicago.edu|Margurite|Stats
margurite01@uchicago.edu|Margurite|Computer Science
danette00@uchicago.edu|Danette|Econ
danette01@uchicago.edu|Danette|Math
edie00@uchicago.edu|Edie|EE
edie01@uchicago.edu|Edie|Computer Science
lenna00@uchicago.edu|Lenna|Math
lenna01@uchicago.edu|Lenna|Computer Science
wyatt00@uchicago.edu|Wyatt|Computer Science
wyatt01@uchicago.edu|Wyatt|Computer Science
elizabet00@uchicago.edu|Elizabet|Stats
elizabet01@uchicago.edu|Elizabet|Stats
leeanna00@uchicago.edu|Leeanna|EE
leeanna01@uchicago.edu|Leeanna|Econ
kasey00@uchicago.edu|Kasey|Math
kasey01@uchicago.edu|Kasey|EE
malcolm00@uchicago.edu|Malcolm|EE
malcolm01@uchicago.edu|Malcolm|Econ
noelle00@uchicago.edu|Noelle|EE
noelle01@uchicago.edu|Noelle|Stats
samara00@uchicago.edu|Samara|Math
samara01@uchicago.edu|Samara|Math
bertha00@uchicago.edu|Bertha|Computer Science
bertha01@uchicago.edu|Bertha|Math
chanda00@uchicago.edu|Chanda|Math
chanda01@uchicago.edu|Chanda|Stats
trista00@uchicago.edu|Trista|Stats
trista01@uchicago.edu|Trista|Math
richelle00@uchicago.edu|Richelle|Computer Science
richelle01@uchicago.edu|Richelle|Computer Science
juliet00@uchicago.edu|Juliet|Stats
juliet01@uchicago.edu|Juliet|Computer Science
maple00@uchicago.edu|Maple|Computer Science
maple01@uchicago.edu|Maple|Math
maple02@uchicago.edu|Maple|EE
maple03@uchicago.edu|Maple|Stats
