abigail@uchicago.edu|Abigail|Math|STUDENT
ada@uchicago.edu|Ada|Computer Science|STUDENT
adan@uchicago.edu|Adan|Computer Science|STUDENT
adeline@uchicago.edu|Adeline|Computer Science|STUDENT
adrian@uchicago.edu|Adrian|Stats|STUDENT
adrianna@uchicago.edu|Adrianna|Stats|STUDENT
adrienne@uchicago.edu|Adrienne|EE|STUDENT
agustina@uchicago.edu|Agustina|Computer Science|STUDENT
aisha@uchicago.edu|Aisha|Stats|STUDENT
aja@uchicago.edu|Aja|Math|STUDENT
alaine@uchicago.edu|Alaine|Math|STUDENT
alana@uchicago.edu|Alana|Econ|STUDENT
albertine@uchicago.edu|Albertine|Math|STUDENT
albina@uchicago.edu|Albina|Computer Science|STUDENT
alejandrina@uchicago.edu|Alejandrina|Stats|STUDENT
alena@uchicago.edu|Alena|Stats|STUDENT
alessandra@uchicago.edu|Alessandra|Math|STUDENT
alexandra@uchicago.edu|Alexandra|Stats|STUDENT
alice@uchicago.edu|Alice|Math|STUDENT
alina@uchicago.edu|Alina|EE|STUDENT
alisia@uchicago.edu|Alisia|Math|STUDENT
allan@uchicago.edu|Allan|EE|STUDENT
alleen@uchicago.edu|Alleen|Stats|STUDENT
alphonso@uchicago.edu|Alphonso|EE|STUDENT
altagracia@uchicago.edu|Altagracia|Math|STUDENT
altha@uchicago.edu|Altha|Stats|STUDENT
alva@uchicago.edu|Alva|Stats|STUDENT
alvina@uchicago.edu|Alvina|EE|STUDENT
amberly@uchicago.edu|Amberly|Computer Science|STUDENT
amiee@uchicago.edu|Amiee|Econ|STUDENT
ammie@uchicago.edu|Ammie|EE|STUDENT
ana@uchicago.edu|Ana|Computer Science|STUDENT
anamaria@uchicago.edu|Anamaria|Stats|STUDENT
andrea@uchicago.edu|Andrea|EE|STUDENT
andria@uchicago.edu|Andria|EE|STUDENT
andy@uchicago.edu|Andy|EE|STUDENT
angele@uchicago.edu|Angele|Computer Science|STUDENT
angila@uchicago.edu|Angila|Stats|STUDENT
anglea@uchicago.edu|Anglea|Econ|STUDENT
anjelica@uchicago.edu|Anjelica|EE|STUDENT
ann@uchicago.edu|Ann|Stats|STUDENT
annabell@uchicago.edu|Annabell|Stats|STUDENT
annamae@uchicago.edu|Annamae|Stats|STUDENT
antione@uchicago.edu|Antione|EE|STUDENT
antionette@uchicago.edu|Antionette|Math|STUDENT
antonette@uchicago.edu|Antonette|EE|STUDENT
antonia@uchicago.edu|Antonia|Econ|STUDENT
antwan@uchicago.edu|Antwan|Stats|STUDENT
anya@uchicago.edu|Anya|Computer Science|STUDENT
aretha@uchicago.edu|Aretha|Stats|STUDENT
ariana@uchicago.edu|Ariana|Computer Science|STUDENT
arianna@uchicago.edu|Arianna|EE|STUDENT
arleen@uchicago.edu|Arleen|Stats|STUDENT
arminda@uchicago.edu|Arminda|Stats|STUDENT
arnold@uchicago.edu|Arnold|Stats|STUDENT
arnulfo@uchicago.edu|Arnulfo|Stats|STUDENT
asuncion@uchicago.edu|Asuncion|Stats|STUDENT
athena@uchicago.edu|Athena|EE|STUDENT
audra@uchicago.edu|Audra|Econ|STUDENT
audrey@uchicago.edu|Audrey|Stats|STUDENT
aurea@uchicago.edu|Aurea|Math|STUDENT
aurelia@uchicago.edu|Aurelia|Econ|STUDENT
aurore@uchicago.edu|Aurore|Econ|STUDENT
autumn@uchicago.edu|Autumn|Computer Science|STUDENT
ava@uchicago.edu|Ava|Computer Science|STUDENT
avis@uchicago.edu|Avis|Econ|STUDENT
babette@uchicago.edu|Babette|Stats|STUDENT
bambi@uchicago.edu|Bambi|Computer Science|STUDENT
barabara@uchicago.edu|Barabara|Econ|STUDENT
barbar@uchicago.edu|Barbar|EE|STUDENT
barbara@uchicago.edu|Barbara|Math|STUDENT
barrett@uchicago.edu|Barrett|Computer Science|STUDENT
bart@uchicago.edu|Bart|Computer Science|STUDENT
bea@uchicago.edu|Bea|Econ|STUDENT
beatriz@uchicago.edu|Beatriz|Math|STUDENT
bebe@uchicago.edu|Bebe|Math|STUDENT
becki@uchicago.edu|Becki|Computer Science|STUDENT
belkis@uchicago.edu|Belkis|Stats|STUDENT
belle@uchicago.edu|Belle|Stats|STUDENT
benny@uchicago.edu|Benny|EE|STUDENT
bernita@uchicago.edu|Bernita|Computer Science|STUDENT
bertha@uchicago.edu|Bertha|Stats|STUDENT
bertram@uchicago.edu|Bertram|Computer Science|STUDENT
beryl@uchicago.edu|Beryl|EE|STUDENT
bess@uchicago.edu|Bess|Econ|STUDENT
betsey@uchicago.edu|Betsey|Stats|STUDENT
betsy@uchicago.edu|Betsy|Computer Science|STUDENT
beula@uchicago.edu|Beula|Math|STUDENT
beverley@uchicago.edu|Beverley|Econ|STUDENT
bibi@uchicago.edu|Bibi|Stats|STUDENT
billye@uchicago.edu|Billye|EE|STUDENT
blake@uchicago.edu|Blake|EE|STUDENT
blanche@uchicago.edu|Blanche|Stats|STUDENT
blossom@uchicago.edu|Blossom|Computer Science|STUDENT
blythe@uchicago.edu|Blythe|EE|STUDENT
bok@uchicago.edu|Bok|EE|STUDENT
boyd@uchicago.edu|Boyd|Computer Science|STUDENT
brady@uchicago.edu|Brady|Econ|STUDENT
brian@uchicago.edu|Brian|Stats|STUDENT
bridgett@uchicago.edu|Bridgett|Stats|STUDENT
britany@uchicago.edu|Britany|Econ|STUDENT
britney@uchicago.edu|Britney|Econ|STUDENT
britta@uchicago.edu|Britta|EE|STUDENT
brittani@uchicago.edu|Brittani|EE|STUDENT
bryan@uchicago.edu|Bryan|Stats|STUDENT
bryanna@uchicago.edu|Bryanna|EE|STUDENT
bryant@uchicago.edu|Bryant|EE|STUDENT
bula@uchicago.edu|Bula|Math|STUDENT
bunny@uchicago.edu|Bunny|EE|STUDENT
burma@uchicago.edu|Burma|Computer Science|STUDENT
byron@uchicago.edu|Byron|Stats|STUDENT
caitlin@uchicago.edu|Caitlin|EE|STUDENT
caitlyn@uchicago.edu|Caitlyn|EE|STUDENT
calista@uchicago.edu|Calista|Computer Science|STUDENT
calvin@uchicago.edu|Calvin|Econ|STUDENT
camellia@uchicago.edu|Camellia|Computer Science|STUDENT
cammie@uchicago.edu|Cammie|Stats|STUDENT
cammy@uchicago.edu|Cammy|Econ|STUDENT
candy@uchicago.edu|Candy|Computer Science|STUDENT
caprice@uchicago.edu|Caprice|Econ|STUDENT
carl@uchicago.edu|Carl|Math|STUDENT
carletta@uchicago.edu|Carletta|Stats|STUDENT
carley@uchicago.edu|Carley|EE|STUDENT
carlton@uchicago.edu|Carlton|Econ|STUDENT
carlyn@uchicago.edu|Carlyn|Econ|STUDENT
carma@uchicago.edu|Carma|Econ|STUDENT
carmella@uchicago.edu|Carmella|EE|STUDENT
carmina@uchicago.edu|Carmina|Math|STUDENT
carmon@uchicago.edu|Carmon|Stats|STUDENT
carola@uchicago.edu|Carola|EE|STUDENT
carole@uchicago.edu|Carole|Computer Science|STUDENT
carolee@uchicago.edu|Carolee|Stats|STUDENT
carrie@uchicago.edu|Carrie|Econ|STUDENT
carroll@uchicago.edu|Carroll|EE|STUDENT
cassy@uchicago.edu|Cassy|Math|STUDENT
catarina@uchicago.edu|Catarina|Computer Science|STUDENT
catharine@uchicago.edu|Catharine|Stats|STUDENT
cathey@uchicago.edu|Cathey|Stats|STUDENT
cathie@uchicago.edu|Cathie|Econ|STUDENT
cathleen@uchicago.edu|Cathleen|EE|STUDENT
catina@uchicago.edu|Catina|EE|STUDENT
cecila@uchicago.edu|Cecila|Econ|STUDENT
cecily@uchicago.edu|Cecily|Econ|STUDENT
cedric@uchicago.edu|Cedric|Math|STUDENT
celestina@uchicago.edu|Celestina|Math|STUDENT
celia@uchicago.edu|Celia|Stats|STUDENT
chance@uchicago.edu|Chance|Computer Science|STUDENT
chanda@uchicago.edu|Chanda|Math|STUDENT
chandra@uchicago.edu|Chandra|Stats|STUDENT
chanell@uchicago.edu|Chanell|EE|STUDENT
chante@uchicago.edu|Chante|Econ|STUDENT
chantel@uchicago.edu|Chantel|Econ|STUDENT
chara@uchicago.edu|Chara|Stats|STUDENT
charity@uchicago.edu|Charity|EE|STUDENT
charla@uchicago.edu|Charla|Econ|STUDENT
charlene@uchicago.edu|Charlene|EE|STUDENT
charlesetta@uchicago.edu|Charlesetta|Computer Science|STUDENT
charlette@uchicago.edu|Charlette|Math|STUDENT
charlotte@uchicago.edu|Charlotte|Math|STUDENT
chau@uchicago.edu|Chau|Math|STUDENT
chere@uchicago.edu|Chere|EE|STUDENT
cherelle@uchicago.edu|Cherelle|Math|STUDENT
cherri@uchicago.edu|Cherri|Econ|STUDENT
chi@uchicago.edu|Chi|Computer Science|STUDENT
chia@uchicago.edu|Chia|EE|STUDENT
chieko@uchicago.edu|Chieko|Stats|STUDENT
chris@uchicago.edu|Chris|EE|STUDENT
christeen@uchicago.edu|Christeen|Econ|STUDENT
christen@uchicago.edu|Christen|EE|STUDENT
christian@uchicago.edu|Christian|Computer Science|STUDENT
christie@uchicago.edu|Christie|EE|STUDENT
christoper@uchicago.edu|Christoper|EE|STUDENT
chu@uchicago.edu|Chu|Computer Science|STUDENT
chuck@uchicago.edu|Chuck|Stats|STUDENT
clara@uchicago.edu|Clara|Math|STUDENT
claribel@uchicago.edu|Claribel|Stats|STUDENT
clarine@uchicago.edu|Clarine|Math|STUDENT
clarissa@uchicago.edu|Clarissa|Computer Science|STUDENT
clementina@uchicago.edu|Clementina|Math|STUDENT
clemmie@uchicago.edu|Clemmie|Computer Science|STUDENT
cleotilde@uchicago.edu|Cleotilde|Econ|STUDENT
clifford@uchicago.edu|Clifford|Math|STUDENT
clorinda@uchicago.edu|Clorinda|Math|STUDENT
clotilde@uchicago.edu|Clotilde|Econ|STUDENT
cole@uchicago.edu|Cole|EE|STUDENT
colene@uchicago.edu|Colene|Math|STUDENT
collene@uchicago.edu|Collene|Math|STUDENT
columbus@uchicago.edu|Columbus|EE|STUDENT
coral@uchicago.edu|Coral|Math|STUDENT
coretta@uchicago.edu|Coretta|Econ|STUDENT
corinna@uchicago.edu|Corinna|Computer Science|STUDENT
corliss@uchicago.edu|Corliss|Econ|STUDENT
corrina@uchicago.edu|Corrina|Math|STUDENT
cristal@uchicago.edu|Cristal|Computer Science|STUDENT
cristin@uchicago.edu|Cristin|Stats|STUDENT
cruz@uchicago.edu|Cruz|Econ|STUDENT
crystal@uchicago.edu|Crystal|Computer Science|STUDENT
cyrstal@uchicago.edu|Cyrstal|Stats|STUDENT
daisy@uchicago.edu|Daisy|Stats|STUDENT
damian@uchicago.edu|Damian|EE|STUDENT
danae@uchicago.edu|Danae|Math|STUDENT
danette@uchicago.edu|Danette|Computer Science|STUDENT
daniela@uchicago.edu|Daniela|EE|STUDENT
daniella@uchicago.edu|Daniella|Econ|STUDENT
dannie@uchicago.edu|Dannie|EE|STUDENT
darci@uchicago.edu|Darci|Math|STUDENT
darcy@uchicago.edu|Darcy|Econ|STUDENT
daren@uchicago.edu|Daren|Math|STUDENT
darren@uchicago.edu|Darren|Math|STUDENT
daysi@uchicago.edu|Daysi|EE|STUDENT
deana@uchicago.edu|Deana|Econ|STUDENT
deangelo@uchicago.edu|Deangelo|EE|STUDENT
deborah@uchicago.edu|Deborah|Stats|STUDENT
dede@uchicago.edu|Dede|Econ|STUDENT
deidre@uchicago.edu|Deidre|Econ|STUDENT
deirdre@uchicago.edu|Deirdre|Math|STUDENT
delena@uchicago.edu|Delena|Stats|STUDENT
delicia@uchicago.edu|Delicia|Econ|STUDENT
delilah@uchicago.edu|Delilah|Computer Science|STUDENT
della@uchicago.edu|Della|Econ|STUDENT
delores@uchicago.edu|Delores|Econ|STUDENT
deloris@uchicago.edu|Deloris|Econ|STUDENT
denny@uchicago.edu|Denny|EE|STUDENT
denver@uchicago.edu|Denver|EE|STUDENT
deonna@uchicago.edu|Deonna|Econ|STUDENT
desirae@uchicago.edu|Desirae|Computer Science|STUDENT
desiree@uchicago.edu|Desiree|Math|STUDENT
dick@uchicago.edu|Dick|Math|STUDENT
dion@uchicago.edu|Dion|Econ|STUDENT
dionna@uchicago.edu|Dionna|Computer Science|STUDENT
dixie@uchicago.edu|Dixie|Math|STUDENT
dominic@uchicago.edu|Dominic|Econ|STUDENT
dominica@uchicago.edu|Dominica|EE|STUDENT
donita@uchicago.edu|Donita|Econ|STUDENT
donnie@uchicago.edu|Donnie|Stats|STUDENT
donny@uchicago.edu|Donny|Math|STUDENT
dora@uchicago.edu|Dora|Math|STUDENT
dorian@uchicago.edu|Dorian|Stats|STUDENT
dorinda@uchicago.edu|Dorinda|Computer Science|STUDENT
dorla@uchicago.edu|Dorla|Math|STUDENT
dorotha@uchicago.edu|Dorotha|Math|STUDENT
dorothea@uchicago.edu|Dorothea|EE|STUDENT
dortha@uchicago.edu|Dortha|Math|STUDENT
dottie@uchicago.edu|Dottie|Computer Science|STUDENT
douglas@uchicago.edu|Douglas|Computer Science|STUDENT
drew@uchicago.edu|Drew|EE|STUDENT
dwana@uchicago.edu|Dwana|EE|STUDENT
dwayne@uchicago.edu|Dwayne|Econ|STUDENT
dylan@uchicago.edu|Dylan|Stats|STUDENT
earle@uchicago.edu|Earle|EE|STUDENT
earline@uchicago.edu|Earline|Stats|STUDENT
eda@uchicago.edu|Eda|EE|STUDENT
edgar@uchicago.edu|Edgar|Math|STUDENT
edie@uchicago.edu|Edie|EE|STUDENT
edward@uchicago.edu|Edward|Stats|STUDENT
edythe@uchicago.edu|Edythe|Math|STUDENT
eladia@uchicago.edu|Eladia|Econ|STUDENT
elease@uchicago.edu|Elease|Econ|STUDENT
elena@uchicago.edu|Elena|EE|STUDENT
eleonora@uchicago.edu|Eleonora|Econ|STUDENT
elfrieda@uchicago.edu|Elfrieda|EE|STUDENT
elfriede@uchicago.edu|Elfriede|Econ|STUDENT
eli@uchicago.edu|Eli|Stats|STUDENT
elicia@uchicago.edu|Elicia|Math|STUDENT
elida@uchicago.edu|Elida|EE|STUDENT
elizabet@uchicago.edu|Elizabet|EE|STUDENT
elke@uchicago.edu|Elke|Stats|STUDENT
ellamae@uchicago.edu|Ellamae|Stats|STUDENT
ellen@uchicago.edu|Ellen|Econ|STUDENT
ellis@uchicago.edu|Ellis|Computer Science|STUDENT
elmer@uchicago.edu|Elmer|Computer Science|STUDENT
elmira@uchicago.edu|Elmira|Econ|STUDENT
elna@uchicago.edu|Elna|EE|STUDENT
elsa@uchicago.edu|Elsa|EE|STUDENT
elton@uchicago.edu|Elton|Stats|STUDENT
elvera@uchicago.edu|Elvera|Stats|STUDENT
elwanda@uchicago.edu|Elwanda|Math|STUDENT
emelia@uchicago.edu|Emelia|Stats|STUDENT
emely@uchicago.edu|Emely|Econ|STUDENT
ena@uchicago.edu|Ena|Stats|STUDENT
enoch@uchicago.edu|Enoch|EE|STUDENT
era@uchicago.edu|Era|Stats|STUDENT
erline@uchicago.edu|Erline|Stats|STUDENT
erminia@uchicago.edu|Erminia|Computer Science|STUDENT
ernestina@uchicago.edu|Ernestina|EE|STUDENT
ernesto@uchicago.edu|Ernesto|Stats|STUDENT
erwin@uchicago.edu|Erwin|Math|STUDENT
estell@uchicago.edu|Estell|Computer Science|STUDENT
estelle@uchicago.edu|Estelle|Computer Science|STUDENT
eugena@uchicago.edu|Eugena|Math|STUDENT
eula@uchicago.edu|Eula|Econ|STUDENT
evelina@uchicago.edu|Evelina|Econ|STUDENT
evelynn@uchicago.edu|Evelynn|Econ|STUDENT
evita@uchicago.edu|Evita|Econ|STUDENT
fawn@uchicago.edu|Fawn|EE|STUDENT
felecia@uchicago.edu|Felecia|EE|STUDENT
felicia@uchicago.edu|Felicia|Stats|STUDENT
felicita@uchicago.edu|Felicita|Econ|STUDENT
felisa@uchicago.edu|Felisa|Math|STUDENT
fern@uchicago.edu|Fern|Computer Science|STUDENT
flo@uchicago.edu|Flo|Econ|STUDENT
florencia@uchicago.edu|Florencia|EE|STUDENT
florene@uchicago.edu|Florene|Stats|STUDENT
fonda@uchicago.edu|Fonda|Stats|STUDENT
francesco@uchicago.edu|Francesco|Stats|STUDENT
francisco@uchicago.edu|Francisco|Computer Science|STUDENT
fredericka@uchicago.edu|Fredericka|Math|STUDENT
fumiko@uchicago.edu|Fumiko|Math|STUDENT
gabrielle@uchicago.edu|Gabrielle|EE|STUDENT
garnet@uchicago.edu|Garnet|Econ|STUDENT
gaylord@uchicago.edu|Gaylord|EE|STUDENT
genie@uchicago.edu|Genie|Econ|STUDENT
georgetta@uchicago.edu|Georgetta|Econ|STUDENT
georgianna@uchicago.edu|Georgianna|Econ|STUDENT
georgine@uchicago.edu|Georgine|Math|STUDENT
gerardo@uchicago.edu|Gerardo|Math|STUDENT
gertrud@uchicago.edu|Gertrud|Computer Science|STUDENT
gertrudis@uchicago.edu|Gertrudis|Computer Science|STUDENT
ginger@uchicago.edu|Ginger|Computer Science|STUDENT
giovanna@uchicago.edu|Giovanna|Econ|STUDENT
glendora@uchicago.edu|Glendora|Econ|STUDENT
glennie@uchicago.edu|Glennie|Computer Science|STUDENT
glinda@uchicago.edu|Glinda|Econ|STUDENT
glory@uchicago.edu|Glory|Math|STUDENT
golda@uchicago.edu|Golda|Math|STUDENT
graig@uchicago.edu|Graig|Econ|STUDENT
gregg@uchicago.edu|Gregg|Math|STUDENT
gricelda@uchicago.edu|Gricelda|Math|STUDENT
gus@uchicago.edu|Gus|Econ|STUDENT
gwendolyn@uchicago.edu|Gwendolyn|Computer Science|STUDENT
gwyn@uchicago.edu|Gwyn|Computer Science|STUDENT
gwyneth@uchicago.edu|Gwyneth|Math|STUDENT
hae@uchicago.edu|Hae|Econ|STUDENT
hai@uchicago.edu|Hai|Stats|STUDENT
hailey@uchicago.edu|Hailey|Math|STUDENT
hanna@uchicago.edu|Hanna|EE|STUDENT
harold@uchicago.edu|Harold|Econ|STUDENT
harriette@uchicago.edu|Harriette|Computer Science|STUDENT
harris@uchicago.edu|Harris|Math|STUDENT
harry@uchicago.edu|Harry|Math|STUDENT
heide@uchicago.edu|Heide|Econ|STUDENT
helena@uchicago.edu|Helena|Stats|STUDENT
henrietta@uchicago.edu|Henrietta|Math|STUDENT
herbert@uchicago.edu|Herbert|EE|STUDENT
herman@uchicago.edu|Herman|Econ|STUDENT
herminia@uchicago.edu|Herminia|Math|STUDENT
herta@uchicago.edu|Herta|Computer Science|STUDENT
hiedi@uchicago.edu|Hiedi|Econ|STUDENT
hilde@uchicago.edu|Hilde|Computer Science|STUDENT
hillary@uchicago.edu|Hillary|Econ|STUDENT
hoa@uchicago.edu|Hoa|Econ|STUDENT
hobert@uchicago.edu|Hobert|Stats|STUDENT
holley@uchicago.edu|Holley|Math|STUDENT
hong@uchicago.edu|Hong|Stats|STUDENT
horacio@uchicago.edu|Horacio|Computer Science|STUDENT
hortense@uchicago.edu|Hortense|Stats|STUDENT
hortensia@uchicago.edu|Hortensia|EE|STUDENT
howard@uchicago.edu|Howard|EE|STUDENT
hsiu@uchicago.edu|Hsiu|Stats|STUDENT
huey@uchicago.edu|Huey|Stats|STUDENT
hung@uchicago.edu|Hung|Econ|STUDENT
hyon@uchicago.edu|Hyon|Math|STUDENT
ida@uchicago.edu|Ida|Econ|STUDENT
ike@uchicago.edu|Ike|EE|STUDENT
iliana@uchicago.edu|Iliana|Computer Science|STUDENT
illa@uchicago.edu|Illa|Stats|STUDENT
iluminada@uchicago.edu|Iluminada|Computer Science|STUDENT
indira@uchicago.edu|Indira|Econ|STUDENT
ira@uchicago.edu|Ira|EE|STUDENT
isabel@uchicago.edu|Isabel|EE|STUDENT
isaias@uchicago.edu|Isaias|EE|STUDENT
isaura@uchicago.edu|Isaura|Computer Science|STUDENT
isiah@uchicago.edu|Isiah|Math|STUDENT
ivory@uchicago.edu|Ivory|Computer Science|STUDENT
jacalyn@uchicago.edu|Jacalyn|EE|STUDENT
jack@uchicago.edu|Jack|Stats|STUDENT
jacquelyn@uchicago.edu|Jacquelyn|Stats|STUDENT
jacquelyne@uchicago.edu|Jacquelyne|Econ|STUDENT
jacquelynn@uchicago.edu|Jacquelynn|Econ|STUDENT
jacquie@uchicago.edu|Jacquie|Econ|STUDENT
jada@uchicago.edu|Jada|EE|STUDENT
jade@uchicago.edu|Jade|Stats|STUDENT
jae@uchicago.edu|Jae|Econ|STUDENT
jaime@uchicago.edu|Jaime|EE|STUDENT
jaimee@uchicago.edu|Jaimee|Stats|STUDENT
jaimie@uchicago.edu|Jaimie|Stats|STUDENT
jamaal@uchicago.edu|Jamaal|Stats|STUDENT
jame@uchicago.edu|Jame|Econ|STUDENT
jamee@uchicago.edu|Jamee|Math|STUDENT
jamie@uchicago.edu|Jamie|Stats|STUDENT
janay@uchicago.edu|Janay|Math|STUDENT
jaqueline@uchicago.edu|Jaqueline|Math|STUDENT
jaquelyn@uchicago.edu|Jaquelyn|EE|STUDENT
jasmine@uchicago.edu|Jasmine|Econ|STUDENT
jasper@uchicago.edu|Jasper|EE|STUDENT
jaunita@uchicago.edu|Jaunita|EE|STUDENT
jaye@uchicago.edu|Jaye|Econ|STUDENT
jayson@uchicago.edu|Jayson|Computer Science|STUDENT
jeanna@uchicago.edu|Jeanna|Math|STUDENT
jeannine@uchicago.edu|Jeannine|Computer Science|STUDENT
jeffrey@uchicago.edu|Jeffrey|Computer Science|STUDENT
jenette@uchicago.edu|Jenette|Stats|STUDENT
jeneva@uchicago.edu|Jeneva|EE|STUDENT
jenine@uchicago.edu|Jenine|Econ|STUDENT
jerald@uchicago.edu|Jerald|Math|STUDENT
jere@uchicago.edu|Jere|EE|STUDENT
jeremy@uchicago.edu|Jeremy|EE|STUDENT
jessi@uchicago.edu|Jessi|Econ|STUDENT
jim@uchicago.edu|Jim|EE|STUDENT
jo@uchicago.edu|Jo|Econ|STUDENT
joana@uchicago.edu|Joana|EE|STUDENT
jodee@uchicago.edu|Jodee|Math|STUDENT
joelle@uchicago.edu|Joelle|Econ|STUDENT
johanne@uchicago.edu|Johanne|Stats|STUDENT
johna@uchicago.edu|Johna|Econ|STUDENT
johnette@uchicago.edu|Johnette|Stats|STUDENT
jolie@uchicago.edu|Jolie|Math|STUDENT
jonas@uchicago.edu|Jonas|Computer Science|STUDENT
jonell@uchicago.edu|Jonell|Econ|STUDENT
jonnie@uchicago.edu|Jonnie|EE|STUDENT
jordon@uchicago.edu|Jordon|Econ|STUDENT
josiah@uchicago.edu|Josiah|Econ|STUDENT
josie@uchicago.edu|Josie|Econ|STUDENT
josphine@uchicago.edu|Josphine|Stats|STUDENT
jovita@uchicago.edu|Jovita|Computer Science|STUDENT
joy@uchicago.edu|Joy|Math|STUDENT
joyce@uchicago.edu|Joyce|EE|STUDENT
juanita@uchicago.edu|Juanita|Math|STUDENT
jules@uchicago.edu|Jules|Econ|STUDENT
juli@uchicago.edu|Juli|Econ|STUDENT
julian@uchicago.edu|Julian|Stats|STUDENT
julianne@uchicago.edu|Julianne|Econ|STUDENT
julieann@uchicago.edu|Julieann|EE|STUDENT
juliet@uchicago.edu|Juliet|Math|STUDENT
julissa@uchicago.edu|Julissa|EE|STUDENT
jung@uchicago.edu|Jung|Computer Science|STUDENT
jutta@uchicago.edu|Jutta|Computer Science|STUDENT
kai@uchicago.edu|Kai|Stats|STUDENT
karen@uchicago.edu|Karen|Stats|STUDENT
karena@uchicago.edu|Karena|EE|STUDENT
karina@uchicago.edu|Karina|Econ|STUDENT
karlyn@uchicago.edu|Karlyn|Econ|STUDENT
kary@uchicago.edu|Kary|Computer Science|STUDENT
kasey@uchicago.edu|Kasey|Stats|STUDENT
kasi@uchicago.edu|Kasi|Computer Science|STUDENT
kassandra@uchicago.edu|Kassandra|Computer Science|STUDENT
kathaleen@uchicago.edu|Kathaleen|EE|STUDENT
katharina@uchicago.edu|Katharina|Econ|STUDENT
kathe@uchicago.edu|Kathe|EE|STUDENT
katherin@uchicago.edu|Katherin|Stats|STUDENT
kathline@uchicago.edu|Kathline|EE|STUDENT
kathlyn@uchicago.edu|Kathlyn|Econ|STUDENT
kathrin@uchicago.edu|Kathrin|EE|STUDENT
kati@uchicago.edu|Kati|Econ|STUDENT
katie@uchicago.edu|Katie|EE|STUDENT
katrina@uchicago.edu|Katrina|Econ|STUDENT
kayla@uchicago.edu|Kayla|Econ|STUDENT
kazuko@uchicago.edu|Kazuko|Econ|STUDENT
keenan@uchicago.edu|Keenan|Math|STUDENT
keesha@uchicago.edu|Keesha|EE|STUDENT
kelle@uchicago.edu|Kelle|Stats|STUDENT
kellie@uchicago.edu|Kellie|Econ|STUDENT
kelly@uchicago.edu|Kelly|Econ|STUDENT
ken@uchicago.edu|Ken|EE|STUDENT
kendal@uchicago.edu|Kendal|EE|STUDENT
kendra@uchicago.edu|Kendra|EE|STUDENT
kendrick@uchicago.edu|Kendrick|Stats|STUDENT
kenyatta@uchicago.edu|Kenyatta|Math|STUDENT
kesha@uchicago.edu|Kesha|Stats|STUDENT
keva@uchicago.edu|Keva|Computer Science|STUDENT
keven@uchicago.edu|Keven|EE|STUDENT
kiesha@uchicago.edu|Kiesha|Stats|STUDENT
kieth@uchicago.edu|Kieth|Math|STUDENT
kim@uchicago.edu|Kim|Stats|STUDENT
kimber@uchicago.edu|Kimber|Math|STUDENT
kimberley@uchicago.edu|Kimberley|EE|STUDENT
kimi@uchicago.edu|Kimi|Math|STUDENT
kip@uchicago.edu|Kip|EE|STUDENT
kirk@uchicago.edu|Kirk|Computer Science|STUDENT
kizzie@uchicago.edu|Kizzie|Econ|STUDENT
kizzy@uchicago.edu|Kizzy|Computer Science|STUDENT
kourtney@uchicago.edu|Kourtney|Computer Science|STUDENT
krista@uchicago.edu|Krista|Computer Science|STUDENT
kristan@uchicago.edu|Kristan|Stats|STUDENT
kristie@uchicago.edu|Kristie|Computer Science|STUDENT
kristin@uchicago.edu|Kristin|EE|STUDENT
kristine@uchicago.edu|Kristine|Stats|STUDENT
krysta@uchicago.edu|Krysta|Computer Science|STUDENT
kyle@uchicago.edu|Kyle|Computer Science|STUDENT
kylie@uchicago.edu|Kylie|EE|STUDENT
lakendra@uchicago.edu|Lakendra|Econ|STUDENT
lakita@uchicago.edu|Lakita|Math|STUDENT
lang@uchicago.edu|Lang|Math|STUDENT
laquita@uchicago.edu|Laquita|Math|STUDENT
lara@uchicago.edu|Lara|Computer Science|STUDENT
larhonda@uchicago.edu|Larhonda|Stats|STUDENT
larissa@uchicago.edu|Larissa|Math|STUDENT
lashawn@uchicago.edu|Lashawn|Stats|STUDENT
lashonda@uchicago.edu|Lashonda|Stats|STUDENT
latashia@uchicago.edu|Latashia|Stats|STUDENT
laticia@uchicago.edu|Laticia|EE|STUDENT
latina@uchicago.edu|Latina|Stats|STUDENT
latoyia@uchicago.edu|Latoyia|Stats|STUDENT
latrisha@uchicago.edu|Latrisha|Computer Science|STUDENT
laurene@uchicago.edu|Laurene|Econ|STUDENT
lavonia@uchicago.edu|Lavonia|Computer Science|STUDENT
layla@uchicago.edu|Layla|Econ|STUDENT
leatrice@uchicago.edu|Leatrice|Econ|STUDENT
leeann@uchicago.edu|Leeann|Math|STUDENT
leeanna@uchicago.edu|Leeanna|Math|STUDENT
leesa@uchicago.edu|Leesa|Stats|STUDENT
leia@uchicago.edu|Leia|Computer Science|STUDENT
leigh@uchicago.edu|Leigh|Stats|STUDENT
len@uchicago.edu|Len|Math|STUDENT
lenna@uchicago.edu|Lenna|Stats|STUDENT
leo@uchicago.edu|Leo|Econ|STUDENT
leone@uchicago.edu|Leone|Math|STUDENT
leonia@uchicago.edu|Leonia|Computer Science|STUDENT
leonora@uchicago.edu|Leonora|Econ|STUDENT
leonore@uchicago.edu|Leonore|EE|STUDENT
leopoldo@uchicago.edu|Leopoldo|EE|STUDENT
les@uchicago.edu|Les|Computer Science|STUDENT
lesli@uchicago.edu|Lesli|Econ|STUDENT
leslie@uchicago.edu|Leslie|Stats|STUDENT
levi@uchicago.edu|Levi|Math|STUDENT
liana@uchicago.edu|Liana|EE|STUDENT
liberty@uchicago.edu|Liberty|EE|STUDENT
lida@uchicago.edu|Lida|EE|STUDENT
lilliana@uchicago.edu|Lilliana|Stats|STUDENT
lincoln@uchicago.edu|Lincoln|EE|STUDENT
lindsey@uchicago.edu|Lindsey|Computer Science|STUDENT
ling@uchicago.edu|Ling|Econ|STUDENT
linsey@uchicago.edu|Linsey|Math|STUDENT
lizette@uchicago.edu|Lizette|Econ|STUDENT
loan@uchicago.edu|Loan|Math|STUDENT
logan@uchicago.edu|Logan|Econ|STUDENT
loida@uchicago.edu|Loida|EE|STUDENT
lolita@uchicago.edu|Lolita|Computer Science|STUDENT
loni@uchicago.edu|Loni|Stats|STUDENT
loraine@uchicago.edu|Loraine|Computer Science|STUDENT
loree@uchicago.edu|Loree|Computer Science|STUDENT
loren@uchicago.edu|Loren|Econ|STUDENT
loreta@uchicago.edu|Loreta|Computer Science|STUDENT
lorette@uchicago.edu|Lorette|EE|STUDENT
lori@uchicago.edu|Lori|Econ|STUDENT
loria@uchicago.edu|Loria|Stats|STUDENT
lorine@uchicago.edu|Lorine|EE|STUDENT
louella@uchicago.edu|Louella|EE|STUDENT
louise@uchicago.edu|Louise|Math|STUDENT
loura@uchicago.edu|Loura|Stats|STUDENT
lovella@uchicago.edu|Lovella|Econ|STUDENT
luana@uchicago.edu|Luana|Econ|STUDENT
lucia@uchicago.edu|Lucia|Math|STUDENT
luciano@uchicago.edu|Luciano|Econ|STUDENT
lucie@uchicago.edu|Lucie|Stats|STUDENT
lucien@uchicago.edu|Lucien|Stats|STUDENT
lucila@uchicago.edu|Lucila|Econ|STUDENT
lucile@uchicago.edu|Lucile|Math|STUDENT
lucille@uchicago.edu|Lucille|Econ|STUDENT
lucina@uchicago.edu|Lucina|Math|STUDENT
lulu@uchicago.edu|Lulu|EE|STUDENT
lupita@uchicago.edu|Lupita|Stats|STUDENT
lynelle@uchicago.edu|Lynelle|Computer Science|STUDENT
lynetta@uchicago.edu|Lynetta|Stats|STUDENT
lynne@uchicago.edu|Lynne|Econ|STUDENT
lynnette@uchicago.edu|Lynnette|Econ|STUDENT
mabelle@uchicago.edu|Mabelle|Stats|STUDENT
macie@uchicago.edu|Macie|EE|STUDENT
maddie@uchicago.edu|Maddie|Math|STUDENT
madelyn@uchicago.edu|Madelyn|Stats|STUDENT
madge@uchicago.edu|Madge|Computer Science|STUDENT
madison@uchicago.edu|Madison|Econ|STUDENT
mafalda@uchicago.edu|Mafalda|EE|STUDENT
magda@uchicago.edu|Magda|Computer Science|STUDENT
malcolm@uchicago.edu|Malcolm|Math|STUDENT
malik@uchicago.edu|Malik|Computer Science|STUDENT
malika@uchicago.edu|Malika|Computer Science|STUDENT
malisa@uchicago.edu|Malisa|Computer Science|STUDENT
malvina@uchicago.edu|Malvina|Math|STUDENT
man@uchicago.edu|Man|Stats|STUDENT
mana@uchicago.edu|Mana|Math|STUDENT
mandie@uchicago.edu|Mandie|Computer Science|STUDENT
manie@uchicago.edu|Manie|Computer Science|STUDENT
maple@uchicago.edu|Maple|Stats|STUDENT
mara@uchicago.edu|Mara|Computer Science|STUDENT
maragaret@uchicago.edu|Maragaret|Computer Science|STUDENT
maranda@uchicago.edu|Maranda|Computer Science|STUDENT
marcus@uchicago.edu|Marcus|Math|STUDENT
maren@uchicago.edu|Maren|Stats|STUDENT
margaret@uchicago.edu|Margaret|Computer Science|STUDENT
margareta@uchicago.edu|Margareta|Math|STUDENT
margaretta@uchicago.edu|Margaretta|Econ|STUDENT
margarita@uchicago.edu|Margarita|Computer Science|STUDENT
margene@uchicago.edu|Margene|Econ|STUDENT
marget@uchicago.edu|Marget|Computer Science|STUDENT
margie@uchicago.edu|Margie|EE|STUDENT
margurite@uchicago.edu|Margurite|Econ|STUDENT
maria@uchicago.edu|Maria|Stats|STUDENT
maribel@uchicago.edu|Maribel|Math|STUDENT
maricruz@uchicago.edu|Maricruz|EE|STUDENT
marie@uchicago.edu|Marie|Stats|STUDENT
mariette@uchicago.edu|Mariette|Computer Science|STUDENT
marin@uchicago.edu|Marin|Computer Science|STUDENT
marisa@uchicago.edu|Marisa|Stats|STUDENT
mark@uchicago.edu|Mark|EE|STUDENT
marna@uchicago.edu|Marna|Math|STUDENT
marnie@uchicago.edu|Marnie|Econ|STUDENT
marta@uchicago.edu|Marta|Computer Science|STUDENT
martha@uchicago.edu|Martha|Econ|STUDENT
martine@uchicago.edu|Martine|Math|STUDENT
marybelle@uchicago.edu|Marybelle|Computer Science|STUDENT
maryetta@uchicago.edu|Maryetta|Stats|STUDENT
maryjane@uchicago.edu|Maryjane|Stats|STUDENT
maryln@uchicago.edu|Maryln|Stats|STUDENT
marylou@uchicago.edu|Marylou|Math|STUDENT
mason@uchicago.edu|Mason|Math|STUDENT
mathilde@uchicago.edu|Mathilde|Econ|STUDENT
matilda@uchicago.edu|Matilda|EE|STUDENT
mauro@uchicago.edu|Mauro|Computer Science|STUDENT
maximina@uchicago.edu|Maximina|Math|STUDENT
maybell@uchicago.edu|Maybell|Computer Science|STUDENT
maybelle@uchicago.edu|Maybelle|Math|STUDENT
mayra@uchicago.edu|Mayra|EE|STUDENT
meagan@uchicago.edu|Meagan|EE|STUDENT
meaghan@uchicago.edu|Meaghan|Computer Science|STUDENT
mechelle@uchicago.edu|Mechelle|Econ|STUDENT
melania@uchicago.edu|Melania|Math|STUDENT
melissia@uchicago.edu|Melissia|Stats|STUDENT
melodee@uchicago.edu|Melodee|EE|STUDENT
mercedes@uchicago.edu|Mercedes|EE|STUDENT
mercy@uchicago.edu|Mercy|EE|STUDENT
merideth@uchicago.edu|Merideth|Econ|STUDENT
meridith@uchicago.edu|Meridith|Math|STUDENT
merlene@uchicago.edu|Merlene|Computer Science|STUDENT
merna@uchicago.edu|Merna|Math|STUDENT
merrie@uchicago.edu|Merrie|Stats|STUDENT
meryl@uchicago.edu|Meryl|EE|STUDENT
mikaela@uchicago.edu|Mikaela|EE|STUDENT
miki@uchicago.edu|Miki|Math|STUDENT
milda@uchicago.edu|Milda|Computer Science|STUDENT
milissa@uchicago.edu|Milissa|Econ|STUDENT
millard@uchicago.edu|Millard|Computer Science|STUDENT
millicent@uchicago.edu|Millicent|Computer Science|STUDENT
min@uchicago.edu|Min|Econ|STUDENT
mindi@uchicago.edu|Mindi|EE|STUDENT
minna@uchicago.edu|Minna|Econ|STUDENT
miranda@uchicago.edu|Miranda|Math|STUDENT
mireille@uchicago.edu|Mireille|EE|STUDENT
mireya@uchicago.edu|Mireya|Econ|STUDENT
misha@uchicago.edu|Misha|Math|STUDENT
missy@uchicago.edu|Missy|Math|STUDENT
misti@uchicago.edu|Misti|Computer Science|STUDENT
mitchell@uchicago.edu|Mitchell|Econ|STUDENT
murray@uchicago.edu|Murray|Stats|STUDENT
myrl@uchicago.edu|Myrl|Stats|STUDENT
myrtie@uchicago.edu|Myrtie|Computer Science|STUDENT
nadine@uchicago.edu|Nadine|Math|STUDENT
nan@uchicago.edu|Nan|Stats|STUDENT
nannie@uchicago.edu|Nannie|Econ|STUDENT
natalia@uchicago.edu|Natalia|Stats|STUDENT
natalie@uchicago.edu|Natalie|Stats|STUDENT
neal@uchicago.edu|Neal|EE|STUDENT
neida@uchicago.edu|Neida|Computer Science|STUDENT
nelly@uchicago.edu|Nelly|Stats|STUDENT
nena@uchicago.edu|Nena|Econ|STUDENT
neville@uchicago.edu|Neville|Math|STUDENT
ngoc@uchicago.edu|Ngoc|Computer Science|STUDENT
nguyet@uchicago.edu|Nguyet|Stats|STUDENT
nicolle@uchicago.edu|Nicolle|EE|STUDENT
nikole@uchicago.edu|Nikole|Stats|STUDENT
nila@uchicago.edu|Nila|EE|STUDENT
nita@uchicago.edu|Nita|EE|STUDENT
noelia@uchicago.edu|Noelia|Econ|STUDENT
noelle@uchicago.edu|Noelle|Stats|STUDENT
nohemi@uchicago.edu|Nohemi|EE|STUDENT
nola@uchicago.edu|Nola|EE|STUDENT
nolan@uchicago.edu|Nolan|Econ|STUDENT
nora@uchicago.edu|Nora|Stats|STUDENT
norene@uchicago.edu|Norene|Math|STUDENT
nova@uchicago.edu|Nova|Stats|STUDENT
novella@uchicago.edu|Novella|EE|STUDENT
nu@uchicago.edu|Nu|Econ|STUDENT
nyla@uchicago.edu|Nyla|Math|STUDENT
obdulia@uchicago.edu|Obdulia|Stats|STUDENT
odell@uchicago.edu|Odell|Computer Science|STUDENT
olga@uchicago.edu|Olga|Stats|STUDENT
omer@uchicago.edu|Omer|Econ|STUDENT
ona@uchicago.edu|Ona|Econ|STUDENT
onie@uchicago.edu|Onie|Math|STUDENT
onita@uchicago.edu|Onita|EE|STUDENT
oralee@uchicago.edu|Oralee|Econ|STUDENT
orval@uchicago.edu|Orval|Math|STUDENT
orville@uchicago.edu|Orville|Computer Science|STUDENT
oscar@uchicago.edu|Oscar|EE|STUDENT
otis@uchicago.edu|Otis|EE|STUDENT
palma@uchicago.edu|Palma|Math|STUDENT
pasquale@uchicago.edu|Pasquale|Computer Science|STUDENT
patience@uchicago.edu|Patience|Math|STUDENT
patrick@uchicago.edu|Patrick|Stats|STUDENT
pattie@uchicago.edu|Pattie|Econ|STUDENT
patty@uchicago.edu|Patty|EE|STUDENT
paulette@uchicago.edu|Paulette|Stats|STUDENT
pauline@uchicago.edu|Pauline|EE|STUDENT
pearlie@uchicago.edu|Pearlie|Stats|STUDENT
penny@uchicago.edu|Penny|Econ|STUDENT
peter@uchicago.edu|Peter|Math|STUDENT
phebe@uchicago.edu|Phebe|Math|STUDENT
phylis@uchicago.edu|Phylis|Math|STUDENT
ping@uchicago.edu|Ping|Computer Science|STUDENT
portia@uchicago.edu|Portia|Stats|STUDENT
preston@uchicago.edu|Preston|Computer Science|STUDENT
pricilla@uchicago.edu|Pricilla|Stats|STUDENT
providencia@uchicago.edu|Providencia|Math|STUDENT
prudence@uchicago.edu|Prudence|Econ|STUDENT
qiana@uchicago.edu|Qiana|Econ|STUDENT
queen@uchicago.edu|Queen|Econ|STUDENT
racheal@uchicago.edu|Racheal|Econ|STUDENT
raphael@uchicago.edu|Raphael|Econ|STUDENT
raquel@uchicago.edu|Raquel|EE|STUDENT
ray@uchicago.edu|Ray|Math|STUDENT
rayford@uchicago.edu|Rayford|Econ|STUDENT
rea@uchicago.edu|Rea|EE|STUDENT
reagan@uchicago.edu|Reagan|EE|STUDENT
reba@uchicago.edu|Reba|Computer Science|STUDENT
reed@uchicago.edu|Reed|Math|STUDENT
refugio@uchicago.edu|Refugio|Stats|STUDENT
regena@uchicago.edu|Regena|EE|STUDENT
reiko@uchicago.edu|Reiko|Math|STUDENT
remona@uchicago.edu|Remona|EE|STUDENT
renae@uchicago.edu|Renae|Econ|STUDENT
rene@uchicago.edu|Rene|Computer Science|STUDENT
renee@uchicago.edu|Renee|Computer Science|STUDENT
renna@uchicago.edu|Renna|Stats|STUDENT
ressie@uchicago.edu|Ressie|Computer Science|STUDENT
rhona@uchicago.edu|Rhona|Stats|STUDENT
richelle@uchicago.edu|Richelle|Econ|STUDENT
ricky@uchicago.edu|Ricky|Math|STUDENT
rikki@uchicago.edu|Rikki|EE|STUDENT
riley@uchicago.edu|Riley|Computer Science|STUDENT
robbyn@uchicago.edu|Robbyn|Econ|STUDENT
robin@uchicago.edu|Robin|Stats|STUDENT
robt@uchicago.edu|Robt|Computer Science|STUDENT
rochelle@uchicago.edu|Rochelle|Computer Science|STUDENT
roderick@uchicago.edu|Roderick|Computer Science|STUDENT
rodrigo@uchicago.edu|Rodrigo|Math|STUDENT
rolland@uchicago.edu|Rolland|Stats|STUDENT
romaine@uchicago.edu|Romaine|Math|STUDENT
rory@uchicago.edu|Rory|Stats|STUDENT
rosalia@uchicago.edu|Rosalia|EE|STUDENT
rosalyn@uchicago.edu|Rosalyn|EE|STUDENT
rosaria@uchicago.edu|Rosaria|Stats|STUDENT
roseann@uchicago.edu|Roseann|EE|STUDENT
rosie@uchicago.edu|Rosie|Stats|STUDENT
ross@uchicago.edu|Ross|Econ|STUDENT
rudolf@uchicago.edu|Rudolf|Math|STUDENT
rueben@uchicago.edu|Rueben|EE|STUDENT
rufus@uchicago.edu|Rufus|EE|STUDENT
rupert@uchicago.edu|Rupert|Stats|STUDENT
russel@uchicago.edu|Russel|Econ|STUDENT
sabrina@uchicago.edu|Sabrina|Math|STUDENT
sachiko@uchicago.edu|Sachiko|Stats|STUDENT
salvador@uchicago.edu|Salvador|Math|STUDENT
salvatore@uchicago.edu|Salvatore|Stats|STUDENT
samara@uchicago.edu|Samara|EE|STUDENT
samatha@uchicago.edu|Samatha|Stats|STUDENT
sandy@uchicago.edu|Sandy|EE|STUDENT
santina@uchicago.edu|Santina|Stats|STUDENT
santo@uchicago.edu|Santo|Stats|STUDENT
saran@uchicago.edu|Saran|Stats|STUDENT
sarina@uchicago.edu|Sarina|Computer Science|STUDENT
scot@uchicago.edu|Scot|Math|STUDENT
serina@uchicago.edu|Serina|Computer Science|STUDENT
shad@uchicago.edu|Shad|Math|STUDENT
shae@uchicago.edu|Shae|Stats|STUDENT
shameka@uchicago.edu|Shameka|EE|STUDENT
shanda@uchicago.edu|Shanda|Math|STUDENT
shanelle@uchicago.edu|Shanelle|Stats|STUDENT
shanice@uchicago.edu|Shanice|Stats|STUDENT
shanita@uchicago.edu|Shanita|EE|STUDENT
shantelle@uchicago.edu|Shantelle|Stats|STUDENT
shara@uchicago.edu|Shara|EE|STUDENT
sharan@uchicago.edu|Sharan|Math|STUDENT
sharda@uchicago.edu|Sharda|Stats|STUDENT
sharell@uchicago.edu|Sharell|Stats|STUDENT
sharie@uchicago.edu|Sharie|Stats|STUDENT
sharmaine@uchicago.edu|Sharmaine|Math|STUDENT
shaunda@uchicago.edu|Shaunda|Computer Science|STUDENT
shavon@uchicago.edu|Shavon|EE|STUDENT
shavonda@uchicago.edu|Shavonda|Stats|STUDENT
shawnee@uchicago.edu|Shawnee|Stats|STUDENT
shelby@uchicago.edu|Shelby|Econ|STUDENT
shelton@uchicago.edu|Shelton|Stats|STUDENT
shemeka@uchicago.edu|Shemeka|Math|STUDENT
sherley@uchicago.edu|Sherley|Math|STUDENT
sheron@uchicago.edu|Sheron|EE|STUDENT
shiloh@uchicago.edu|Shiloh|Econ|STUDENT
shirly@uchicago.edu|Shirly|Econ|STUDENT
shoshana@uchicago.edu|Shoshana|EE|STUDENT
shu@uchicago.edu|Shu|EE|STUDENT
signe@uchicago.edu|Signe|Math|STUDENT
silvia@uchicago.edu|Silvia|Math|STUDENT
simon@uchicago.edu|Simon|Econ|STUDENT
simona@uchicago.edu|Simona|EE|STUDENT
soila@uchicago.edu|Soila|Computer Science|STUDENT
sondra@uchicago.edu|Sondra|Econ|STUDENT
sonia@uchicago.edu|Sonia|Math|STUDENT
sophia@uchicago.edu|Sophia|Computer Science|STUDENT
sparkle@uchicago.edu|Sparkle|Math|STUDENT
stacia@uchicago.edu|Stacia|Stats|STUDENT
stacie@uchicago.edu|Stacie|Computer Science|STUDENT
star@uchicago.edu|Star|EE|STUDENT
stefanie@uchicago.edu|Stefanie|Econ|STUDENT
stepanie@uchicago.edu|Stepanie|EE|STUDENT
stephine@uchicago.edu|Stephine|Econ|STUDENT
stewart@uchicago.edu|Stewart|Econ|STUDENT
sue@uchicago.edu|Sue|Stats|STUDENT
sun@uchicago.edu|Sun|EE|STUDENT
sunday@uchicago.edu|Sunday|EE|STUDENT
susana@uchicago.edu|Susana|EE|STUDENT
susanne@uchicago.edu|Susanne|Math|STUDENT
suzanna@uchicago.edu|Suzanna|EE|STUDENT
suzi@uchicago.edu|Suzi|Computer Science|STUDENT
sybil@uchicago.edu|Sybil|Math|STUDENT
sylvie@uchicago.edu|Sylvie|EE|STUDENT
tajuana@uchicago.edu|Tajuana|Econ|STUDENT
tami@uchicago.edu|Tami|Math|STUDENT
tamica@uchicago.edu|Tamica|Stats|STUDENT
tammi@uchicago.edu|Tammi|Stats|STUDENT
tammie@uchicago.edu|Tammie|Stats|STUDENT
tamra@uchicago.edu|Tamra|Computer Science|STUDENT
tanesha@uchicago.edu|Tanesha|EE|STUDENT
tanya@uchicago.edu|Tanya|EE|STUDENT
taunya@uchicago.edu|Taunya|Econ|STUDENT
tawanna@uchicago.edu|Tawanna|Math|STUDENT
teena@uchicago.edu|Teena|Stats|STUDENT
teresia@uchicago.edu|Teresia|EE|STUDENT
teressa@uchicago.edu|Teressa|Stats|STUDENT
terri@uchicago.edu|Terri|Computer Science|STUDENT
thanh@uchicago.edu|Thanh|Stats|STUDENT
thea@uchicago.edu|Thea|EE|STUDENT
theo@uchicago.edu|Theo|Econ|STUDENT
thomas@uchicago.edu|Thomas|Econ|STUDENT
thomasena@uchicago.edu|Thomasena|Econ|STUDENT
thu@uchicago.edu|Thu|Econ|STUDENT
tianna@uchicago.edu|Tianna|EE|STUDENT
tillie@uchicago.edu|Tillie|EE|STUDENT
timothy@uchicago.edu|Timothy|EE|STUDENT
toccara@uchicago.edu|Toccara|EE|STUDENT
tod@uchicago.edu|Tod|Stats|STUDENT
tom@uchicago.edu|Tom|EE|STUDENT
tomika@uchicago.edu|Tomika|Math|STUDENT
tommy@uchicago.edu|Tommy|Stats|STUDENT
tonda@uchicago.edu|Tonda|EE|STUDENT
tonie@uchicago.edu|Tonie|EE|STUDENT
tonisha@uchicago.edu|Tonisha|Econ|STUDENT
tony@uchicago.edu|Tony|Econ|STUDENT
toshia@uchicago.edu|Toshia|EE|STUDENT
tracee@uchicago.edu|Tracee|EE|STUDENT
tracey@uchicago.edu|Tracey|Computer Science|STUDENT
treasa@uchicago.edu|Treasa|Computer Science|STUDENT
trenton@uchicago.edu|Trenton|Econ|STUDENT
trinidad@uchicago.edu|Trinidad|Stats|STUDENT
trish@uchicago.edu|Trish|Stats|STUDENT
trista@uchicago.edu|Trista|Econ|STUDENT
trudy@uchicago.edu|Trudy|Computer Science|STUDENT
trula@uchicago.edu|Trula|Computer Science|STUDENT
tu@uchicago.edu|Tu|Econ|STUDENT
twanda@uchicago.edu|Twanda|Math|STUDENT
una@uchicago.edu|Una|Math|STUDENT
usha@uchicago.edu|Usha|Math|STUDENT
velda@uchicago.edu|Velda|Econ|STUDENT
velvet@uchicago.edu|Velvet|EE|STUDENT
venice@uchicago.edu|Venice|Math|STUDENT
vennie@uchicago.edu|Vennie|Math|STUDENT
verline@uchicago.edu|Verline|EE|STUDENT
vern@uchicago.edu|Vern|Stats|STUDENT
veta@uchicago.edu|Veta|Computer Science|STUDENT
vicki@uchicago.edu|Vicki|Computer Science|STUDENT
victor@uchicago.edu|Victor|Econ|STUDENT
victoria@uchicago.edu|Victoria|Econ|STUDENT
violet@uchicago.edu|Violet|Econ|STUDENT
virgie@uchicago.edu|Virgie|Stats|STUDENT
viviana@uchicago.edu|Viviana|Econ|STUDENT
vivien@uchicago.edu|Vivien|Math|STUDENT
waldo@uchicago.edu|Waldo|Math|STUDENT
wallace@uchicago.edu|Wallace|Stats|STUDENT
warner@uchicago.edu|Warner|EE|STUDENT
wayne@uchicago.edu|Wayne|Math|STUDENT
wenona@uchicago.edu|Wenona|Stats|STUDENT
wes@uchicago.edu|Wes|Stats|STUDENT
wilbert@uchicago.edu|Wilbert|EE|STUDENT
wilhelmina@uchicago.edu|Wilhelmina|Computer Science|STUDENT
willette@uchicago.edu|Willette|Stats|STUDENT
woodrow@uchicago.edu|Woodrow|Math|STUDENT
wyatt@uchicago.edu|Wyatt|Computer Science|STUDENT
xavier@uchicago.edu|Xavier|Econ|STUDENT
xuan@uchicago.edu|Xuan|Econ|STUDENT
yasmin@uchicago.edu|Yasmin|EE|STUDENT
yer@uchicago.edu|Yer|EE|STUDENT
yuriko@uchicago.edu|Yuriko|Econ|STUDENT
zane@uchicago.edu|Zane|EE|STUDENT
zoe@uchicago.edu|Zoe|EE|STUDENT
zach@uchicago.edu|Zach|Math|LECTURER
alex@uchicago.edu|Alex|CS|TA
andrew@uchicago.edu|Andrew|CS|GRADER
chen@uchicago.edu|Chen|Math|GRADER
jackub@uchicago.edu|Jackub|CS|LECTURER
lee@uchicago.edu|Lee|CS|LECTURER
